location,continent,epoch,lon,lat,image_id,captured_at,is_pano,width,height,n_detections,n_classes,n_surface,n_marking,n_object,n_traffic_sign,n_other,has_surface,detections_created_min,detections_created_max,decode_failures,sky_above_road,top_classes,error
Curitiba,South America,2014-2015,-49.2733,-25.4284,451776692793452,2015-03-13,False,,,0,0,0,0,0,0,0,False,,,0,,,
Curitiba,South America,2014-2015,-49.2733,-25.4284,107873631356534,2015-03-13,False,,,2,2,0,0,1,1,0,False,2021-05-19,2021-05-22,0,,information--parking--g3;object--support--pole,
Curitiba,South America,2014-2015,-49.2733,-25.4284,942813416460076,2015-03-13,False,,,5,5,0,1,4,0,0,False,2021-05-22,2021-05-22,0,,object--street-light;object--traffic-light--general-upright;object--support--utility-pole;object--support--pole;marking--discrete--crosswalk-zebra,
Curitiba,South America,2016-2017,-49.2733,-25.4284,458495972047449,2016-11-22,False,,,8,5,0,0,6,2,0,False,2021-05-19,2021-05-22,0,,object--support--utility-pole;information--parking--g3;object--traffic-light--general-upright;object--sign--advertisement;object--street-light,
Curitiba,South America,2016-2017,-49.2733,-25.4284,219959939547679,2017-07-21,False,,,7,4,0,1,3,3,0,False,2021-05-19,2021-05-22,0,,object--support--utility-pole;regulatory--no-parking--g5;regulatory--turn-left--g3;marking--discrete--crosswalk-zebra,
Curitiba,South America,2016-2017,-49.2733,-25.4284,800775640874392,2016-06-01,False,,,7,6,0,1,5,1,0,False,2021-05-22,2021-05-22,0,,object--support--pole;object--traffic-light--general-upright;object--sign--advertisement;marking--discrete--crosswalk-zebra;object--traffic-light--pedestrians;information--parking--g3,
Curitiba,South America,2018,-49.2733,-25.4284,762354127803322,2018-09-02,False,,,1,1,0,0,1,0,0,False,2021-05-22,2021-05-22,0,,object--support--pole,
Curitiba,South America,2018,-49.2733,-25.4284,1322721664789482,2018-09-02,False,,,10,5,0,0,8,2,0,False,2021-05-20,2021-05-22,0,,object--support--utility-pole;information--general-directions--g1;object--trash-can;object--sign--advertisement;object--bike-rack,
Curitiba,South America,2018,-49.2733,-25.4284,170170838229736,2018-09-03,False,,,13,8,0,2,10,1,0,False,2021-05-20,2021-05-23,0,,object--street-light;object--support--pole;object--traffic-light--pedestrians;marking--discrete--crosswalk-zebra;information--general-directions--g1;object--sign--advertisement;object--sign--store;object--support--utility-pole,
Curitiba,South America,2019,-49.2733,-25.4284,300524128209791,2019-04-28,False,,,6,5,0,0,5,1,0,False,2021-05-20,2021-05-23,0,,object--support--utility-pole;regulatory--stop--g1;object--sign--store;object--sign--advertisement;object--street-light,
Curitiba,South America,2019,-49.2733,-25.4284,287750343076296,2019-04-26,False,,,9,7,0,2,6,1,0,False,2021-05-20,2021-05-22,0,,object--support--utility-pole;object--support--pole;regulatory--no-left-turn--g1;object--manhole;marking--discrete--crosswalk-zebra;object--traffic-light--general-upright;marking--discrete--arrow--straight,
Curitiba,South America,2019,-49.2733,-25.4284,512972006386959,2019-04-23,False,,,10,6,0,1,9,0,0,False,2021-05-22,2021-05-22,0,,object--traffic-light--general-upright;object--street-light;object--support--pole;object--traffic-light--pedestrians;marking--discrete--crosswalk-zebra;object--sign--advertisement,
Curitiba,South America,2021,-49.2733,-25.4284,1042292113294368,2021-06-17,False,,,392,32,329,15,47,1,0,True,2021-12-28,2021-12-28,0,True,void--unlabeled;construction--structure--building;nature--vegetation;construction--flat--sidewalk;object--support--pole;construction--flat--road;nature--sky;object--wire-group,
Curitiba,South America,2021,-49.2733,-25.4284,947211779242233,2021-06-17,False,,,541,35,440,16,82,3,0,True,2021-12-28,2021-12-28,0,True,void--unlabeled;construction--structure--building;construction--flat--road;nature--sky;construction--barrier--curb;object--wire-group;void--static;construction--flat--sidewalk,
Curitiba,South America,2021,-49.2733,-25.4284,1200220403747111,2021-04-21,False,,,238,23,205,0,31,2,0,True,2021-08-24,2021-08-24,0,True,void--unlabeled;nature--sky;construction--structure--building;nature--vegetation;construction--flat--road;nature--terrain;object--wire-group;construction--barrier--wall,
Curitiba,South America,2022,-49.2733,-25.4284,1072510856992097,2022-06-14,False,,,147,13,145,0,2,0,0,True,2022-06-15,2022-06-15,0,True,construction--flat--road;nature--sky;nature--vegetation;void--unlabeled;construction--flat--sidewalk;nature--terrain;void--ground;construction--flat--pedestrian-area,
Curitiba,South America,2022,-49.2733,-25.4284,3314599258771430,2022-06-14,False,,,111,10,110,0,1,0,0,True,2022-06-15,2022-06-15,0,True,construction--flat--road;void--unlabeled;nature--sky;construction--structure--building;nature--vegetation;construction--flat--sidewalk;void--ground;void--static,
Curitiba,South America,2022,-49.2733,-25.4284,565794791620456,2022-06-14,False,,,158,7,156,0,2,0,0,True,2022-06-15,2022-06-15,0,True,construction--flat--sidewalk;construction--flat--road;void--unlabeled;nature--vegetation;nature--sky;construction--structure--building;object--manhole,
Curitiba,South America,2023,-49.2733,-25.4284,1418555079038576,2023-09-30,False,,,487,35,399,4,79,5,0,True,2023-11-14,2023-11-14,0,True,void--unlabeled;construction--structure--building;nature--vegetation;object--wire-group;object--support--pole;construction--barrier--curb;nature--sky;object--traffic-sign--front,
Curitiba,South America,2023,-49.2733,-25.4284,1400544604225659,2023-09-30,False,,,285,23,239,2,43,1,0,True,2023-11-14,2023-11-14,0,True,void--unlabeled;construction--structure--building;void--static;object--support--pole;nature--vegetation;object--street-light;construction--flat--road;construction--flat--sidewalk,
Curitiba,South America,2023,-49.2733,-25.4284,3758806787736352,2023-09-30,False,,,428,24,333,16,79,0,0,True,2023-11-14,2023-11-14,0,True,void--unlabeled;construction--structure--building;object--wire-group;nature--vegetation;construction--flat--parking;construction--barrier--fence;marking--continuous--solid;object--support--pole,
Curitiba,South America,2026,-49.2733,-25.4284,1321317039329314,2026-05-31,False,,,466,25,365,13,87,1,0,True,2026-05-31,2026-05-31,0,True,void--unlabeled;construction--structure--building;object--wire-group;nature--vegetation;object--traffic-sign--front;construction--flat--road;object--support--utility-pole;object--vehicle--car,
Curitiba,South America,2026,-49.2733,-25.4284,1510047493937121,2026-05-31,False,,,362,24,299,3,60,0,0,True,2026-05-31,2026-05-31,0,True,void--unlabeled;construction--structure--building;construction--flat--sidewalk;nature--vegetation;object--wire-group;object--vehicle--car;nature--sky;object--support--pole,
Curitiba,South America,2026,-49.2733,-25.4284,1678767753365413,2026-05-30,False,,,231,20,189,3,39,0,0,True,2026-05-30,2026-05-30,0,True,void--unlabeled;nature--sky;construction--structure--building;object--wire-group;nature--vegetation;construction--barrier--wall;construction--barrier--curb;construction--flat--sidewalk,
São Paulo,South America,2014-2015,-46.6333,-23.5505,4237518006298970,2014-11-29,False,,,4,3,0,0,1,3,0,False,2021-05-19,2021-05-22,0,,regulatory--maximum-speed-limit-50--g1;regulatory--no-bicycles--g1;object--support--pole,
São Paulo,South America,2014-2015,-46.6333,-23.5505,4389247821085543,2015-01-16,False,,,3,1,0,0,3,0,0,False,2021-05-22,2021-05-22,0,,object--support--pole,
São Paulo,South America,2014-2015,-46.6333,-23.5505,271620341276094,2015-04-28,False,,,1,1,0,0,0,1,0,False,2021-05-21,2021-05-21,0,,regulatory--no-bicycles--g1,
São Paulo,South America,2016-2017,-46.6333,-23.5505,740974763235262,2016-11-27,False,,,15,11,0,1,7,7,0,False,2021-05-19,2021-05-22,0,,object--street-light;warning--road-bump--g2;regulatory--maximum-speed-limit-30--g1;information--general-directions--g1;regulatory--no-parking--g5;warning--pedestrians-crossing--g9;regulatory--no-stopping--g2;warning--bicycles-crossing--g3,
São Paulo,South America,2016-2017,-46.6333,-23.5505,468626994241823,2016-11-27,False,,,7,4,0,0,7,0,0,False,2021-05-22,2021-05-22,0,,object--traffic-cone;object--support--pole;object--sign--store;object--street-light,
São Paulo,South America,2016-2017,-46.6333,-23.5505,484632846121442,2016-11-27,False,,,1,1,0,0,1,0,0,False,2021-05-22,2021-05-22,0,,object--support--pole,
São Paulo,South America,2018,-46.6333,-23.5505,132468322208707,2018-05-16,False,,,2,2,0,0,2,0,0,False,2021-05-22,2021-05-22,0,,object--catch-basin;object--street-light,
São Paulo,South America,2018,-46.6333,-23.5505,601041837521834,2018-06-19,False,,,2,1,0,0,2,0,0,False,2021-05-22,2021-05-22,0,,object--sign--advertisement,
São Paulo,South America,2018,-46.6333,-23.5505,943216359764567,2018-10-28,False,,,0,0,0,0,0,0,0,False,,,0,,,
São Paulo,South America,2019,-46.6333,-23.5505,3783899881719350,2019-06-12,False,,,3,2,0,0,3,0,0,False,2021-05-22,2021-05-22,0,,object--manhole;object--cctv-camera,
São Paulo,South America,2019,-46.6333,-23.5505,1185594865215468,2019-05-26,False,,,1,1,0,0,1,0,0,False,2021-05-22,2021-05-22,0,,object--support--utility-pole,
São Paulo,South America,2019,-46.6333,-23.5505,312026603878102,2019-06-19,False,,,0,0,0,0,0,0,0,False,,,0,,,
São Paulo,South America,2020,-46.6333,-23.5505,135978018576212,2020-08-05,False,,,4,3,0,0,3,1,0,False,2021-05-21,2021-05-22,0,,object--support--utility-pole;information--general-directions--g1;object--street-light,
São Paulo,South America,2020,-46.6333,-23.5505,862881557909074,2020-03-10,False,,,0,0,0,0,0,0,0,False,,,0,,,
São Paulo,South America,2020,-46.6333,-23.5505,285515349898708,2020-08-29,False,,,0,0,0,0,0,0,0,False,,,0,,,
São Paulo,South America,2021,-46.6333,-23.5505,1141686959575312,2021-03-13,False,,,0,0,0,0,0,0,0,False,,,0,,,
São Paulo,South America,2021,-46.6333,-23.5505,317068039939407,2021-03-16,False,,,0,0,0,0,0,0,0,False,,,0,,,
São Paulo,South America,2021,-46.6333,-23.5505,916407645804969,2021-03-13,False,,,0,0,0,0,0,0,0,False,,,0,,,
São Paulo,South America,2023,-46.6333,-23.5505,726632229218226,2023-06-08,False,,,262,17,204,0,57,1,0,True,2023-06-09,2023-06-09,0,True,void--unlabeled;construction--structure--building;object--wire-group;nature--sky;void--static;object--street-light;object--support--pole;construction--flat--parking,
São Paulo,South America,2023,-46.6333,-23.5505,791757875790370,2023-06-08,False,,,396,28,329,11,56,0,0,True,2023-06-09,2023-06-09,0,True,void--unlabeled;construction--structure--building;nature--vegetation;object--support--pole;construction--flat--road;nature--sky;marking--continuous--solid;construction--barrier--curb,
São Paulo,South America,2023,-46.6333,-23.5505,835270354629034,2023-06-08,False,,,415,28,330,32,52,1,0,True,2023-06-09,2023-06-09,0,True,void--unlabeled;construction--structure--building;nature--vegetation;construction--flat--road;object--support--pole;marking--continuous--solid;construction--barrier--curb;construction--barrier--fence,
São Paulo,South America,2024,-46.6333,-23.5505,1446125196007126,2024-10-06,False,,,339,25,279,1,59,0,0,True,2024-10-06,2024-10-06,0,True,void--unlabeled;construction--structure--building;construction--barrier--curb;nature--vegetation;object--wire-group;object--support--pole;construction--flat--road;construction--flat--sidewalk,
São Paulo,South America,2024,-46.6333,-23.5505,427318963572857,2024-03-13,True,,,478,23,406,0,72,0,0,True,2024-05-02,2024-05-02,0,True,void--unlabeled;nature--vegetation;nature--water;construction--structure--building;construction--flat--pedestrian-area;void--ground;nature--terrain;object--support--pole,
São Paulo,South America,2024,-46.6333,-23.5505,427077553249227,2024-03-13,True,,,525,24,448,16,61,0,0,True,2024-05-02,2024-05-02,0,True,void--unlabeled;void--static;construction--flat--pedestrian-area;nature--terrain;construction--structure--building;nature--vegetation;object--support--pole;construction--barrier--wall,
São Paulo,South America,2025,-46.6333,-23.5505,1596942931000021,2025-04-17,False,,,471,31,377,27,65,2,0,True,2025-04-21,2025-04-21,0,True,void--unlabeled;void--static;construction--flat--road;construction--structure--building;construction--structure--bridge;nature--vegetation;object--wire-group;object--support--pole,
São Paulo,South America,2025,-46.6333,-23.5505,584292234198114,2025-04-23,True,,,429,26,367,2,59,1,0,True,2025-05-23,2025-05-23,0,True,void--unlabeled;construction--structure--building;nature--vegetation;construction--barrier--curb;construction--flat--sidewalk;nature--sky;construction--barrier--wall;object--vehicle--car,
São Paulo,South America,2025,-46.6333,-23.5505,1675227049723622,2025-01-10,False,,,346,26,324,4,18,0,0,True,2025-01-13,2025-01-13,0,True,void--unlabeled;void--static;nature--vegetation;construction--flat--pedestrian-area;construction--flat--road;void--ground;construction--flat--sidewalk;construction--barrier--fence,
São Paulo,South America,2026,-46.6333,-23.5505,3445684135597247,2026-06-21,False,,,245,24,200,11,34,0,0,True,2026-06-21,2026-06-21,0,True,void--unlabeled;nature--vegetation;construction--structure--building;object--vehicle--car;construction--barrier--fence;nature--sky;marking--continuous--dashed;object--support--pole,
São Paulo,South America,2026,-46.6333,-23.5505,1477869297145099,2026-05-15,False,,,110,13,105,0,5,0,0,True,2026-05-15,2026-05-15,0,True,void--unlabeled;construction--structure--building;nature--vegetation;construction--flat--sidewalk;nature--sky;construction--barrier--curb;construction--flat--road;construction--barrier--wall,
São Paulo,South America,2026,-46.6333,-23.5505,2054309265225260,2026-08-18,True,,,323,9,323,0,0,0,0,True,2026-08-19,2026-08-19,0,True,void--unlabeled;construction--barrier--fence;construction--structure--bridge;nature--terrain;construction--flat--road;nature--vegetation;nature--sky;construction--structure--building,
Buenos Aires,South America,2014-2015,-58.3816,-34.6037,1627083310815397,2014-11-07,False,,,5,5,0,1,2,1,1,False,2021-05-19,2021-05-22,0,,general--traffic-sign--g1;regulatory--yield--g1;marking--discrete--crosswalk-zebra;object--trash-can;object--sign--advertisement,
Buenos Aires,South America,2014-2015,-58.3816,-34.6037,1187629678374442,2014-11-07,False,,,6,3,0,0,6,0,0,False,2021-05-22,2021-05-22,0,,object--support--pole;object--trash-can;object--street-light,
Buenos Aires,South America,2014-2015,-58.3816,-34.6037,496708348151380,2014-11-07,False,,,0,0,0,0,0,0,0,False,,,0,,,
Buenos Aires,South America,2016-2017,-58.3816,-34.6037,930406311042253,2016-11-13,False,,,0,0,0,0,0,0,0,False,,,0,,,
Buenos Aires,South America,2016-2017,-58.3816,-34.6037,287209453124527,2016-06-09,False,,,7,2,0,0,7,0,0,False,2021-05-22,2021-05-23,0,,object--sign--store;object--support--pole,
Buenos Aires,South America,2016-2017,-58.3816,-34.6037,761746781166109,2016-11-13,False,,,6,5,0,0,5,1,0,False,2021-05-21,2021-05-22,0,,object--traffic-light--general-upright;regulatory--no-right-turn--g1;object--sign--store;object--support--pole;object--sign--advertisement,
Buenos Aires,South America,2018,-58.3816,-34.6037,840314859923237,2018-09-26,False,,,1,1,0,0,1,0,0,False,2021-05-22,2021-05-22,0,,object--support--pole,
Buenos Aires,South America,2018,-58.3816,-34.6037,2896758723927767,2018-04-11,False,,,0,0,0,0,0,0,0,False,,,0,,,
Buenos Aires,South America,2018,-58.3816,-34.6037,180857303924704,2018-04-11,False,,,0,0,0,0,0,0,0,False,,,0,,,
Buenos Aires,South America,2019,-58.3816,-34.6037,3638240972947265,2019-02-28,False,,,0,0,0,0,0,0,0,False,,,0,,,
Buenos Aires,South America,2019,-58.3816,-34.6037,869211000295215,2019-03-28,False,,,2,2,0,0,2,0,0,False,2021-05-22,2021-05-22,0,,object--manhole;object--support--pole,
Buenos Aires,South America,2019,-58.3816,-34.6037,778213769473475,2019-02-27,False,,,0,0,0,0,0,0,0,False,,,0,,,
Buenos Aires,South America,2020,-58.3816,-34.6037,298112338644317,2020-01-22,False,,,3,2,0,0,3,0,0,False,2021-05-22,2021-05-22,0,,object--sign--store;object--sign--advertisement,
Buenos Aires,South America,2020,-58.3816,-34.6037,202448625039043,2020-01-22,False,,,3,2,0,0,3,0,0,False,2021-05-22,2021-05-22,0,,object--sign--advertisement;object--sign--store,
Buenos Aires,South America,2020,-58.3816,-34.6037,313343036824724,2020-01-22,False,,,2,2,0,0,1,1,0,False,2021-05-19,2021-05-22,0,,complementary--texts-two-lines--g1;object--sign--store,
Buenos Aires,South America,2022,-58.3816,-34.6037,1359187117904204,2022-09-15,False,,,230,20,185,0,44,1,0,True,2022-09-16,2022-09-16,0,True,void--unlabeled;construction--structure--building;object--wire-group;nature--sky;object--vehicle--car;object--support--pole;nature--vegetation;object--traffic-sign--front,
Buenos Aires,South America,2022,-58.3816,-34.6037,1044534423147093,2022-05-17,False,,,300,27,244,3,52,1,0,True,2022-05-19,2022-05-19,0,True,void--unlabeled;construction--structure--building;construction--flat--road;nature--vegetation;object--wire-group;construction--flat--sidewalk;construction--barrier--curb;object--vehicle--car,
Buenos Aires,South America,2022,-58.3816,-34.6037,1307373080067985,2022-09-15,False,,,132,15,109,0,23,0,0,True,2022-09-16,2022-09-16,0,True,void--unlabeled;construction--structure--building;nature--vegetation;object--vehicle--car;object--wire-group;nature--sky;construction--flat--road;object--sign--store,
Buenos Aires,South America,2023,-58.3816,-34.6037,698886938971686,2023-08-11,False,,,148,20,127,0,21,0,0,True,2023-10-24,2023-10-24,0,,void--unlabeled;construction--structure--building;nature--vegetation;object--vehicle--car;construction--flat--road;object--sign--store;construction--barrier--fence;construction--flat--sidewalk,
Buenos Aires,South America,2023,-58.3816,-34.6037,6237361929663068,2023-03-05,False,,,447,24,356,14,77,0,0,True,2023-03-06,2023-03-06,0,True,void--unlabeled;construction--structure--building;object--support--pole;construction--barrier--curb;marking--continuous--dashed;human--person--individual;construction--flat--sidewalk;object--sign--store,
Buenos Aires,South America,2023,-58.3816,-34.6037,1462334297955854,2023-08-11,False,,,168,21,141,1,26,0,0,True,2023-10-24,2023-10-24,0,True,void--unlabeled;construction--structure--building;object--vehicle--car;construction--barrier--curb;construction--flat--sidewalk;human--person--individual;construction--flat--road;nature--sky,
Buenos Aires,South America,2024,-58.3816,-34.6037,1219880085964226,2024-08-24,False,,,240,25,199,10,31,0,0,True,2024-10-26,2024-10-26,0,True,void--unlabeled;construction--structure--building;nature--sky;nature--vegetation;marking--continuous--solid;construction--barrier--curb;construction--flat--road;object--wire-group,
Buenos Aires,South America,2024,-58.3816,-34.6037,1073253964262180,2024-08-24,False,,,184,21,165,0,19,0,0,True,2024-10-26,2024-10-26,0,True,void--unlabeled;construction--barrier--curb;void--static;construction--flat--sidewalk;void--ground;construction--structure--building;void--ego-vehicle;nature--sky,
Buenos Aires,South America,2024,-58.3816,-34.6037,1338523070479902,2024-08-23,False,,,433,30,358,13,62,0,0,True,2024-10-24,2024-10-24,0,True,void--unlabeled;construction--structure--building;construction--flat--road;human--person--individual;construction--barrier--curb;construction--flat--sidewalk;void--static;object--support--pole,
Buenos Aires,South America,2025,-58.3816,-34.6037,1211495773712359,2025-04-06,False,,,505,33,399,31,75,0,0,True,2025-04-06,2025-04-06,0,True,void--unlabeled;construction--flat--road;void--static;construction--barrier--curb;marking--continuous--dashed;construction--flat--sidewalk;object--support--pole;construction--structure--building,
Buenos Aires,South America,2025,-58.3816,-34.6037,1189009580093704,2025-12-31,False,,,64,9,64,0,0,0,0,True,2025-12-31,2025-12-31,0,,construction--structure--building;void--unlabeled;construction--barrier--wall;construction--flat--sidewalk;construction--structure--tunnel;construction--barrier--curb;construction--flat--road;void--ego-vehicle,
Buenos Aires,South America,2025,-58.3816,-34.6037,946585390886459,2025-04-18,False,,,334,22,289,4,41,0,0,True,2025-04-21,2025-04-21,0,True,void--unlabeled;nature--vegetation;construction--barrier--fence;construction--structure--building;construction--barrier--wall;object--wire-group;construction--barrier--curb;construction--flat--road,
Bogotá,South America,2014-2015,-74.0721,4.711,469527471052487,2015-11-29,False,,,5,4,0,0,4,1,0,False,2021-05-21,2021-05-22,0,,object--support--pole;regulatory--no-overtaking--g5;object--support--utility-pole;object--sign--store,
Bogotá,South America,2014-2015,-74.0721,4.711,290587652529702,2015-11-29,False,,,3,3,0,0,2,1,0,False,2021-05-20,2021-05-22,0,,regulatory--maximum-speed-limit-40--g1;object--support--utility-pole;object--sign--store,
Bogotá,South America,2014-2015,-74.0721,4.711,488250739157195,2015-11-29,False,,,5,4,0,0,4,1,0,False,2021-05-20,2021-05-23,0,,object--support--utility-pole;regulatory--maximum-speed-limit-40--g1;object--sign--advertisement;object--support--pole,
Bogotá,South America,2016-2017,-74.0721,4.711,216766146620465,2017-09-20,False,,,0,0,0,0,0,0,0,False,,,0,,,
Bogotá,South America,2016-2017,-74.0721,4.711,234546451779606,2017-09-24,False,,,0,0,0,0,0,0,0,False,,,0,,,
Bogotá,South America,2016-2017,-74.0721,4.711,225832918881951,2017-09-21,False,,,4,2,0,0,4,0,0,False,2021-05-22,2021-05-22,0,,object--support--pole;object--street-light,
Bogotá,South America,2018,-74.0721,4.711,463866038243317,2018-10-07,True,,,20,7,0,0,20,0,0,False,2021-05-22,2021-05-23,0,,object--support--pole;object--street-light;object--sign--advertisement;object--support--utility-pole;object--sign--store;object--manhole;object--catch-basin,
Bogotá,South America,2018,-74.0721,4.711,297181572081662,2018-05-06,False,,,1,1,0,0,1,0,0,False,2021-05-22,2021-05-22,0,,object--sign--store,
Bogotá,South America,2018,-74.0721,4.711,2948450762058197,2018-10-07,False,,,5,3,0,0,5,0,0,False,2021-05-22,2021-05-22,0,,object--support--pole;object--support--utility-pole;object--sign--store,
Bogotá,South America,2019,-74.0721,4.711,870736603523468,2019-03-10,True,,,15,6,0,0,14,1,0,False,2021-05-19,2021-05-22,0,,object--support--pole;object--street-light;object--sign--store;object--support--utility-pole;regulatory--maximum-speed-limit-30--g1;object--sign--advertisement,
Bogotá,South America,2019,-74.0721,4.711,817720642485506,2019-01-13,False,,,2,1,0,0,2,0,0,False,2021-05-22,2021-05-22,0,,object--support--pole,
Bogotá,South America,2019,-74.0721,4.711,920633228777560,2019-03-10,True,,,7,3,0,0,7,0,0,False,2021-05-22,2021-05-23,0,,object--support--pole;object--street-light;object--sign--advertisement,
Bogotá,South America,2021,-74.0721,4.711,601597241118655,2021-10-14,False,,,357,24,283,3,71,0,0,True,2021-11-30,2021-11-30,0,True,void--unlabeled;construction--structure--building;object--wire-group;void--dynamic;construction--barrier--fence;object--vehicle--car;construction--flat--road;nature--sky,
Bogotá,South America,2021,-74.0721,4.711,486086466041739,2021-10-14,False,,,169,13,155,0,14,0,0,True,2021-11-29,2021-11-29,0,True,void--unlabeled;construction--flat--road;nature--terrain;construction--structure--building;nature--vegetation;construction--barrier--wall;object--vehicle--car;nature--sky,
Bogotá,South America,2021,-74.0721,4.711,1878589939018318,2021-10-14,False,,,386,24,322,0,64,0,0,True,2021-11-30,2021-11-30,0,True,void--unlabeled;construction--structure--building;nature--sky;object--wire-group;construction--flat--road;construction--barrier--curb;construction--flat--sidewalk;nature--terrain,
Bogotá,South America,2022,-74.0721,4.711,114588258032403,2022-07-05,False,,,390,24,329,3,55,3,0,True,2022-08-28,2022-08-28,0,True,void--unlabeled;nature--vegetation;nature--terrain;object--support--pole;void--ground;construction--barrier--fence;construction--barrier--wall;construction--structure--building,
Bogotá,South America,2022,-74.0721,4.711,1074621063486931,2022-07-05,False,,,154,20,132,6,16,0,0,True,2022-07-21,2022-07-21,0,True,void--unlabeled;nature--terrain;construction--structure--building;construction--barrier--curb;construction--barrier--fence;nature--vegetation;construction--flat--sidewalk;object--support--pole,
Bogotá,South America,2022,-74.0721,4.711,934406210546352,2022-02-06,False,,,297,21,253,8,35,1,0,True,2022-02-07,2022-02-07,0,True,void--unlabeled;void--static;construction--flat--sidewalk;nature--sky;construction--flat--road;object--wire-group;construction--barrier--curb;nature--terrain,
Bogotá,South America,2023,-74.0721,4.711,1861892890838922,2023-02-02,True,,,408,26,345,12,51,0,0,True,2023-02-07,2023-02-07,0,True,void--unlabeled;nature--terrain;construction--flat--sidewalk;construction--structure--building;nature--vegetation;construction--barrier--curb;construction--barrier--wall;object--wire-group,
Bogotá,South America,2023,-74.0721,4.711,530570475835179,2023-02-02,False,,,265,19,218,0,47,0,0,True,2023-02-04,2023-02-04,0,True,void--unlabeled;object--wire-group;construction--flat--sidewalk;nature--terrain;nature--sky;construction--structure--building;void--ground;construction--flat--road,
Bogotá,South America,2023,-74.0721,4.711,1282311855986851,2023-07-30,True,,,572,29,461,43,68,0,0,True,2023-08-05,2023-08-05,0,True,void--unlabeled;construction--flat--road;construction--structure--building;marking--continuous--solid;nature--vegetation;construction--barrier--curb;nature--terrain;object--support--pole,
Bogotá,South America,2024,-74.0721,4.711,885798813730454,2024-12-24,True,,,470,23,360,45,65,0,0,True,2025-01-03,2025-01-03,0,True,void--unlabeled;marking--continuous--solid;construction--flat--road;construction--barrier--fence;nature--terrain;void--static;nature--vegetation;object--wire-group,
Bogotá,South America,2024,-74.0721,4.711,1052562883253834,2024-06-03,True,,,788,33,696,3,86,3,0,True,2024-07-28,2024-07-28,0,True,void--unlabeled;construction--structure--building;construction--flat--road;nature--vegetation;construction--barrier--curb;construction--barrier--fence;construction--flat--sidewalk;object--support--pole,
Bogotá,South America,2024,-74.0721,4.711,401530465820998,2024-03-03,False,,,318,25,266,0,52,0,0,True,2024-03-14,2024-03-14,0,True,void--unlabeled;construction--structure--building;construction--barrier--curb;construction--flat--sidewalk;nature--sky;nature--vegetation;object--support--pole;construction--flat--traffic-island,
Bogotá,South America,2025,-74.0721,4.711,3856993281111933,2025-08-29,False,,,322,28,263,21,38,0,0,True,2025-09-08,2025-09-08,0,True,void--unlabeled;construction--structure--building;construction--flat--road;nature--vegetation;nature--terrain;marking--continuous--solid;object--support--pole;object--vehicle--car,
Bogotá,South America,2025,-74.0721,4.711,1342780500631488,2025-10-09,True,,,394,29,275,59,59,1,0,True,2025-10-18,2025-10-18,0,True,void--unlabeled;marking--continuous--dashed;construction--barrier--fence;construction--structure--building;marking--continuous--solid;construction--flat--sidewalk;object--support--pole;nature--vegetation,
Bogotá,South America,2025,-74.0721,4.711,2952973828238867,2025-10-09,True,,,383,25,324,2,57,0,0,True,2025-10-18,2025-10-18,0,True,void--unlabeled;nature--vegetation;nature--sky;construction--flat--road;void--dynamic;void--ground;construction--structure--building;object--support--pole,
Bogotá,South America,2026,-74.0721,4.711,1710231090216444,2026-02-25,True,,,315,25,237,0,77,1,0,True,2026-07-25,2026-07-25,0,True,void--unlabeled;object--wire-group;construction--structure--building;construction--flat--sidewalk;nature--vegetation;nature--sky;construction--barrier--curb;nature--terrain,
Bogotá,South America,2026,-74.0721,4.711,2441739009661944,2026-02-12,True,,,320,23,270,0,50,0,0,True,2026-05-26,2026-05-26,0,True,void--unlabeled;nature--sky;object--wire-group;nature--vegetation;construction--flat--sidewalk;void--static;construction--barrier--fence;construction--barrier--wall,
Bogotá,South America,2026,-74.0721,4.711,1359443763039549,2026-02-26,True,,,321,25,268,12,40,1,0,True,2026-07-25,2026-07-25,0,True,void--unlabeled;nature--vegetation;nature--terrain;construction--structure--building;construction--flat--sidewalk;construction--barrier--fence;construction--barrier--curb;marking--continuous--dashed,
Lima,South America,2016-2017,-77.0428,-12.0464,545737340146438,2016-07-09,False,,,5,3,0,1,4,0,0,False,2021-05-22,2021-05-22,0,,object--sign--store;object--sign--advertisement;marking--discrete--crosswalk-zebra,
Lima,South America,2016-2017,-77.0428,-12.0464,160187972706347,2016-07-09,False,,,0,0,0,0,0,0,0,False,,,0,,,
Lima,South America,2016-2017,-77.0428,-12.0464,1121717601669702,2016-07-09,False,,,1,1,0,0,1,0,0,False,2021-05-22,2021-05-22,0,,object--support--pole,
Lima,South America,2018,-77.0428,-12.0464,2594054394231785,2018-07-06,False,,,5,5,0,0,2,3,0,False,2021-05-28,2021-05-30,0,,object--traffic-cone;information--general-directions--g1;warning--tunnel--g2;regulatory--height-limit--g1;object--support--pole,
Lima,South America,2018,-77.0428,-12.0464,189752016221898,2018-11-27,False,,,0,0,0,0,0,0,0,False,,,0,,,
Lima,South America,2018,-77.0428,-12.0464,157238419747170,2018-07-06,False,,,4,3,0,0,3,1,0,False,2021-05-28,2021-05-30,0,,object--traffic-cone;information--general-directions--g1;object--support--pole,
Lima,South America,2019,-77.0428,-12.0464,754066085282295,2019-03-05,True,,,12,6,0,2,9,1,0,False,2021-05-21,2021-05-22,0,,object--support--utility-pole;object--street-light;warning--pedestrians-crossing--g4;object--sign--store;marking--discrete--stop-line;marking--discrete--crosswalk-zebra,
Lima,South America,2019,-77.0428,-12.0464,284726886630368,2019-03-06,True,,,16,3,0,0,16,0,0,False,2021-05-22,2021-05-23,0,,object--support--utility-pole;object--street-light;object--sign--advertisement,
Lima,South America,2019,-77.0428,-12.0464,228601735273689,2019-03-06,True,,,20,10,1,0,18,0,1,True,2021-05-21,2021-05-23,0,,object--support--pole;object--street-light;object--support--utility-pole;general--traffic-sign--g1;object--manhole;object--sign--advertisement;object--trash-can;construction--flat--driveway,
Lima,South America,2022,-77.0428,-12.0464,3171566663134238,2022-12-02,False,,,353,27,323,0,30,0,0,True,2023-02-18,2023-02-18,0,True,void--unlabeled;construction--barrier--curb;construction--barrier--fence;void--static;construction--barrier--wall;void--ground;construction--flat--road;construction--structure--building,
Lima,South America,2022,-77.0428,-12.0464,3469238519979272,2022-12-03,False,,,337,24,262,4,71,0,0,True,2023-02-10,2023-02-10,0,True,void--unlabeled;object--support--pole;construction--structure--building;void--static;object--street-light;construction--flat--road;human--person--individual;nature--vegetation,
Lima,South America,2022,-77.0428,-12.0464,167666462716664,2022-12-04,False,,,268,22,229,2,37,0,0,True,2023-02-20,2023-02-20,0,True,void--unlabeled;construction--structure--building;construction--barrier--wall;nature--sky;construction--flat--sidewalk;nature--vegetation;object--vehicle--car;object--support--pole,
Lima,South America,2023,-77.0428,-12.0464,2248218188697682,2023-02-19,False,,,270,16,198,0,72,0,0,True,2023-03-10,2023-03-10,0,True,void--unlabeled;object--wire-group;object--street-light;construction--barrier--fence;nature--sky;object--support--pole;construction--barrier--wall;construction--structure--bridge,
Lima,South America,2023,-77.0428,-12.0464,613334543969618,2023-02-19,False,,,199,14,159,0,40,0,0,True,2023-03-10,2023-03-10,0,True,void--unlabeled;construction--barrier--fence;object--wire-group;object--support--pole;nature--sky;object--street-light;construction--structure--building;construction--flat--road,
Lima,South America,2023,-77.0428,-12.0464,168157419356669,2023-02-19,False,,,269,23,202,26,41,0,0,True,2023-03-09,2023-03-09,0,True,void--unlabeled;marking--continuous--solid;object--wire-group;construction--structure--bridge;construction--flat--road;void--static;construction--barrier--fence;construction--barrier--curb,
Lima,South America,2024,-77.0428,-12.0464,2041819442900347,2024-10-01,True,,,224,19,177,1,46,0,0,True,2024-11-04,2024-11-04,0,True,void--unlabeled;object--vehicle--car;construction--flat--road;construction--flat--sidewalk;object--street-light;object--support--pole;construction--structure--building;void--ego-vehicle,
Lima,South America,2024,-77.0428,-12.0464,892350272560148,2024-10-01,False,,,582,33,467,8,106,1,0,True,2024-11-01,2024-11-01,0,True,void--unlabeled;nature--sky;construction--structure--building;object--support--pole;object--wire-group;construction--flat--road;void--static;construction--flat--sidewalk,
Lima,South America,2024,-77.0428,-12.0464,1581548512437827,2024-10-05,False,,,71,10,64,0,7,0,0,True,2024-11-07,2024-11-07,0,,void--unlabeled;void--ego-vehicle;construction--flat--road;construction--structure--building;object--banner;human--person--individual;object--sign--store;construction--barrier--curb,
Lima,South America,2025,-77.0428,-12.0464,586968147585960,2025-07-16,False,,,191,18,172,0,19,0,0,True,2025-07-17,2025-07-17,0,True,void--unlabeled;construction--flat--sidewalk;void--static;construction--barrier--curb;construction--flat--road;void--ground;void--dynamic;object--wire-group,
Lima,South America,2025,-77.0428,-12.0464,732394603056166,2025-07-25,False,,,307,20,267,0,40,0,0,True,2025-07-26,2025-07-26,0,True,void--unlabeled;construction--structure--building;void--dynamic;nature--sky;object--wire-group;construction--flat--road;object--street-light;human--person--individual,
Lima,South America,2025,-77.0428,-12.0464,1213935987197185,2025-07-13,False,,,575,33,485,21,68,1,0,True,2025-07-14,2025-07-14,0,True,void--unlabeled;construction--structure--building;construction--flat--road;nature--vegetation;construction--flat--bike-lane;marking--continuous--dashed;object--support--pole;object--vehicle--car,
Lima,South America,2026,-77.0428,-12.0464,2069690873932021,2026-07-15,False,,,465,22,416,0,49,0,0,True,2026-07-24,2026-07-24,0,,void--unlabeled;void--static;construction--structure--building;construction--flat--rail-track;void--ground;construction--barrier--fence;void--dynamic;nature--vegetation,
Lima,South America,2026,-77.0428,-12.0464,1389605859779035,2026-08-21,True,,,476,34,384,5,87,0,0,True,2026-08-24,2026-08-24,0,True,void--unlabeled;construction--flat--road;construction--structure--building;void--ego-vehicle;construction--barrier--curb;object--wire-group;object--vehicle--car;construction--flat--sidewalk,
Lima,South America,2026,-77.0428,-12.0464,1641681074254018,2026-08-19,True,,,227,17,172,1,54,0,0,True,2026-08-24,2026-08-24,0,True,void--unlabeled;construction--flat--road;object--wire-group;object--vehicle--car;nature--vegetation;construction--structure--building;construction--flat--sidewalk;void--ego-vehicle,
Mexico City,North America,2014-2015,-99.1332,19.4326,478062129913501,2015-09-19,False,,,0,0,0,0,0,0,0,False,,,0,,,
Mexico City,North America,2014-2015,-99.1332,19.4326,304252264412344,2015-09-19,False,,,4,4,0,1,3,0,0,False,2021-05-22,2021-05-22,0,,object--traffic-light--general-upright;marking--discrete--crosswalk-zebra;object--traffic-light--pedestrians;object--traffic-cone,
Mexico City,North America,2014-2015,-99.1332,19.4326,2859410141040001,2015-09-19,False,,,11,4,0,0,11,0,0,False,2021-05-22,2021-05-22,0,,object--sign--store;object--support--pole;object--sign--advertisement;object--street-light,
Mexico City,North America,2016-2017,-99.1332,19.4326,282638506869702,2017-07-30,False,,,2,1,0,0,2,0,0,False,2021-05-22,2021-05-22,0,,object--street-light,
Mexico City,North America,2016-2017,-99.1332,19.4326,484676716310161,2016-07-30,False,,,1,1,0,0,1,0,0,False,2021-05-22,2021-05-22,0,,object--street-light,
Mexico City,North America,2016-2017,-99.1332,19.4326,1239339593149223,2017-07-30,False,,,0,0,0,0,0,0,0,False,,,0,,,
Mexico City,North America,2018,-99.1332,19.4326,898232987688059,2018-06-19,False,,,0,0,0,0,0,0,0,False,,,0,,,
Mexico City,North America,2018,-99.1332,19.4326,528619458152494,2018-07-13,False,,,6,3,0,0,6,0,0,False,2021-05-22,2021-05-22,0,,object--traffic-light--general-upright;object--traffic-light--pedestrians;object--street-light,
Mexico City,North America,2018,-99.1332,19.4326,538678217298115,2018-07-13,False,,,6,4,0,0,6,0,0,False,2021-05-22,2021-05-22,0,,object--traffic-light--general-upright;object--traffic-light--pedestrians;object--junction-box;object--street-light,
Mexico City,North America,2019,-99.1332,19.4326,176314297683638,2019-02-23,False,,,0,0,0,0,0,0,0,False,,,0,,,
Mexico City,North America,2019,-99.1332,19.4326,805733490371723,2019-09-04,False,,,0,0,0,0,0,0,0,False,,,0,,,
Mexico City,North America,2019,-99.1332,19.4326,939917830153973,2019-02-02,False,,,0,0,0,0,0,0,0,False,,,0,,,
Mexico City,North America,2020,-99.1332,19.4326,218119986453283,2020-07-26,False,,,17,7,0,2,15,0,0,False,2021-05-22,2021-05-23,0,,object--traffic-light--general-upright;object--traffic-light--pedestrians;object--trash-can;object--street-light;object--sign--store;marking--discrete--crosswalk-zebra;object--sign--advertisement,
Mexico City,North America,2020,-99.1332,19.4326,1131331494000885,2020-08-03,False,,,8,4,0,1,7,0,0,False,2021-05-22,2021-05-22,0,,object--sign--advertisement;object--street-light;marking--discrete--crosswalk-zebra;object--support--utility-pole,
Mexico City,North America,2020,-99.1332,19.4326,298951378474606,2020-07-27,False,,,14,10,0,0,10,4,0,False,2021-05-18,2021-05-23,0,,object--traffic-light--pedestrians;object--junction-box;object--traffic-light--general-upright;object--sign--store;regulatory--no-parking--g5;regulatory--no-motorcycles--g2;regulatory--bicycles-only--g1;regulatory--maximum-speed-limit-40--g1,
Mexico City,North America,2021,-99.1332,19.4326,772838286748682,2021-05-09,False,,,0,0,0,0,0,0,0,False,,,0,,,
Mexico City,North America,2021,-99.1332,19.4326,928501864386313,2021-05-29,False,,,0,0,0,0,0,0,0,False,,,0,,,
Mexico City,North America,2021,-99.1332,19.4326,1126782361152033,2021-05-29,False,,,0,0,0,0,0,0,0,False,,,0,,,
Mexico City,North America,2023,-99.1332,19.4326,1016436846362155,2023-09-21,False,,,310,30,275,12,23,0,0,True,2023-09-29,2023-09-29,0,True,void--unlabeled;construction--structure--building;construction--barrier--curb;construction--flat--road;void--static;nature--vegetation;construction--flat--sidewalk;construction--flat--traffic-island,
Mexico City,North America,2023,-99.1332,19.4326,320577953992462,2023-09-21,False,,,384,18,379,0,5,0,0,True,2023-09-29,2023-09-29,0,True,construction--flat--sidewalk;void--unlabeled;nature--sky;construction--flat--road;nature--vegetation;construction--structure--building;void--dynamic;void--ego-vehicle,
Mexico City,North America,2023,-99.1332,19.4326,1044846896540869,2023-09-16,False,,,107,15,98,5,4,0,0,True,2023-09-22,2023-09-22,0,True,void--unlabeled;construction--structure--building;void--car-mount;void--dynamic;nature--sky;nature--vegetation;construction--flat--sidewalk;marking--continuous--dashed,
Mexico City,North America,2024,-99.1332,19.4326,1048635703349792,2024-08-05,False,,,524,29,421,24,78,1,0,True,2024-08-06,2024-08-06,0,True,void--unlabeled;construction--structure--building;construction--flat--road;marking--continuous--solid;human--person--individual;object--wire-group;void--dynamic;void--static,
Mexico City,North America,2024,-99.1332,19.4326,1149496946282393,2024-08-05,False,,,307,21,258,15,34,0,0,True,2024-08-06,2024-08-06,0,True,void--unlabeled;construction--structure--building;construction--barrier--curb;void--dynamic;marking--continuous--solid;construction--flat--sidewalk;construction--flat--road;nature--vegetation,
Mexico City,North America,2024,-99.1332,19.4326,1063885715069224,2024-08-05,False,,,573,30,448,48,74,3,0,True,2024-08-06,2024-08-06,0,True,void--unlabeled;marking--continuous--solid;construction--structure--building;construction--flat--road;nature--vegetation;construction--flat--sidewalk;void--static;construction--barrier--curb,
Mexico City,North America,2025,-99.1332,19.4326,1701408380586231,2025-03-21,False,,,244,20,204,14,26,0,0,True,2025-03-22,2025-03-22,0,True,void--unlabeled;construction--structure--building;nature--vegetation;marking--continuous--dashed;construction--flat--sidewalk;construction--barrier--curb;object--vehicle--car;nature--sky,
Mexico City,North America,2025,-99.1332,19.4326,1360089865004927,2025-03-21,False,,,458,27,386,2,70,0,0,True,2025-03-22,2025-03-22,0,True,void--unlabeled;construction--structure--building;nature--vegetation;object--wire-group;nature--sky;construction--flat--road;void--dynamic;void--static,
Mexico City,North America,2025,-99.1332,19.4326,3046816275467836,2025-03-21,False,,,388,30,325,15,48,0,0,True,2025-03-22,2025-03-22,0,True,void--unlabeled;construction--structure--building;construction--barrier--curb;construction--flat--sidewalk;void--static;nature--vegetation;object--wire-group;marking--continuous--dashed,
Mexico City,North America,2026,-99.1332,19.4326,1730793158237360,2026-07-26,False,,,372,26,296,2,74,0,0,True,2026-07-27,2026-07-27,0,True,void--unlabeled;object--wire-group;construction--structure--building;nature--sky;void--dynamic;nature--vegetation;human--person--individual;object--vehicle--car,
Mexico City,North America,2026,-99.1332,19.4326,1052366847275852,2026-07-26,False,,,310,21,238,0,71,1,0,True,2026-07-26,2026-07-26,0,True,void--unlabeled;construction--structure--building;object--wire-group;nature--vegetation;void--dynamic;human--person--individual;nature--sky;construction--flat--sidewalk,
Mexico City,North America,2026,-99.1332,19.4326,1217629010493723,2026-07-26,False,,,396,20,341,0,55,0,0,True,2026-07-27,2026-07-27,0,True,void--unlabeled;construction--structure--building;human--person--individual;nature--vegetation;construction--flat--sidewalk;object--sign--store;nature--sky;construction--barrier--curb,
San Francisco,North America,2014-2015,-122.4194,37.7749,232505111972649,2015-08-16,False,,,345,26,263,5,77,0,0,True,2021-05-22,2023-10-16,0,True,void--unlabeled;construction--structure--building;nature--sky;object--wire-group;object--support--pole;nature--vegetation;construction--flat--sidewalk;object--street-light,
San Francisco,North America,2014-2015,-122.4194,37.7749,1214296282363664,2015-11-17,False,,,349,27,279,14,56,0,0,True,2021-05-22,2023-10-17,0,True,void--unlabeled;void--static;construction--structure--building;construction--barrier--curb;construction--flat--sidewalk;human--person--individual;nature--vegetation;construction--flat--road,
San Francisco,North America,2014-2015,-122.4194,37.7749,107345494757607,2015-12-29,False,,,180,16,146,0,34,0,0,True,2021-05-24,2023-10-17,0,True,void--unlabeled;construction--structure--building;construction--flat--road;object--wire-group;nature--vegetation;object--vehicle--car;object--support--pole;nature--sky,
San Francisco,North America,2016-2017,-122.4194,37.7749,176558061016358,2016-09-25,False,,,366,27,300,6,59,1,0,True,2021-05-22,2023-10-17,0,True,void--unlabeled;construction--structure--building;nature--vegetation;human--person--individual;object--support--pole;object--wire-group;object--traffic-cone;construction--barrier--curb,
San Francisco,North America,2016-2017,-122.4194,37.7749,420105356156467,2016-01-06,False,,,246,24,205,0,40,1,0,True,2023-10-17,2023-10-17,0,True,void--unlabeled;nature--vegetation;construction--barrier--curb;construction--flat--road;construction--structure--building;void--static;nature--sky;object--traffic-sign--front,
San Francisco,North America,2016-2017,-122.4194,37.7749,480780440103180,2016-01-10,False,,,683,32,547,4,129,3,0,True,2022-01-14,2022-01-14,0,True,void--unlabeled;construction--structure--building;nature--vegetation;object--support--pole;construction--flat--road;object--wire-group;construction--barrier--curb;construction--flat--sidewalk,
San Francisco,North America,2018,-122.4194,37.7749,1133208413833086,2018-11-06,False,,,525,29,419,23,83,0,0,True,2023-10-17,2023-10-17,0,True,void--unlabeled;construction--structure--building;construction--flat--road;marking--continuous--solid;void--static;object--support--pole;construction--barrier--fence;object--wire-group,
San Francisco,North America,2018,-122.4194,37.7749,768396897184809,2018-07-15,False,,,434,29,366,4,59,5,0,True,2023-10-17,2023-10-17,0,True,void--unlabeled;construction--structure--building;construction--flat--road;nature--vegetation;construction--barrier--fence;object--support--pole;object--traffic-sign--front;object--vehicle--car,
San Francisco,North America,2018,-122.4194,37.7749,1118771345298903,2018-08-28,False,,,269,22,221,13,35,0,0,True,2023-10-17,2023-10-17,0,True,void--unlabeled;construction--structure--building;nature--vegetation;marking--continuous--dashed;object--vehicle--car;object--support--pole;construction--flat--sidewalk;construction--flat--road,
San Francisco,North America,2019,-122.4194,37.7749,1453702558296220,2019-01-13,False,,,417,27,349,10,58,0,0,True,2021-05-22,2023-10-17,0,True,void--unlabeled;construction--structure--building;nature--sky;nature--vegetation;object--wire-group;object--vehicle--car;construction--flat--road;construction--flat--sidewalk,
San Francisco,North America,2019,-122.4194,37.7749,499733407836963,2019-12-18,False,,,390,25,309,5,76,0,0,True,2023-10-17,2023-10-17,0,True,void--unlabeled;construction--structure--building;object--wire-group;nature--vegetation;object--vehicle--car;construction--barrier--fence;construction--flat--sidewalk;void--static,
San Francisco,North America,2019,-122.4194,37.7749,139873621460593,2019-02-05,False,,,302,21,256,6,40,0,0,True,2023-10-17,2023-10-17,0,True,void--unlabeled;construction--structure--building;nature--vegetation;construction--barrier--wall;nature--sky;object--vehicle--car;object--support--pole;construction--flat--sidewalk,
San Francisco,North America,2020,-122.4194,37.7749,3993600130677521,2020-01-25,False,,,573,34,451,4,115,3,0,True,2021-05-22,2023-10-17,0,True,void--unlabeled;construction--structure--building;construction--flat--road;object--wire-group;nature--sky;void--static;object--support--pole;object--sign--store,
San Francisco,North America,2020,-122.4194,37.7749,217359403194486,2020-01-25,False,,,322,25,230,1,88,3,0,True,2023-10-17,2023-10-17,0,True,void--unlabeled;object--wire-group;void--static;construction--structure--building;nature--vegetation;object--vehicle--car;object--traffic-sign--front;object--support--pole,
San Francisco,North America,2020,-122.4194,37.7749,922572851647385,2020-01-25,False,,,282,24,219,14,49,0,0,True,2023-10-17,2023-10-17,0,True,void--unlabeled;object--vehicle--car;construction--structure--building;marking--continuous--solid;construction--flat--road;nature--vegetation;construction--barrier--fence;object--support--pole,
San Francisco,North America,2021,-122.4194,37.7749,543219986825789,2021-08-06,True,,,507,29,413,10,82,2,0,True,2021-08-07,2021-08-07,0,True,void--unlabeled;construction--structure--building;object--vehicle--car;nature--vegetation;construction--flat--sidewalk;construction--flat--road;construction--barrier--wall;object--support--pole,
San Francisco,North America,2021,-122.4194,37.7749,239914054783070,2021-12-14,False,,,140,18,117,0,23,0,0,True,2021-12-15,2021-12-15,0,True,void--unlabeled;construction--structure--building;construction--flat--road;nature--vegetation;object--vehicle--car;construction--barrier--curb;nature--sky;object--support--pole,
San Francisco,North America,2021,-122.4194,37.7749,636860974362538,2021-10-29,False,,,254,19,227,1,25,1,0,True,2021-11-06,2021-11-06,0,True,void--unlabeled;construction--flat--sidewalk;construction--structure--building;construction--barrier--curb;construction--flat--road;nature--terrain;nature--vegetation;construction--barrier--fence,
San Francisco,North America,2022,-122.4194,37.7749,686884529741299,2022-12-02,False,,,166,18,144,2,20,0,0,True,2022-12-07,2022-12-07,0,True,void--unlabeled;construction--structure--building;object--vehicle--car;nature--vegetation;construction--barrier--curb;void--static;object--support--pole;construction--flat--sidewalk,
San Francisco,North America,2022,-122.4194,37.7749,667297071592425,2022-12-02,False,,,250,20,211,2,37,0,0,True,2022-12-07,2022-12-07,0,True,void--unlabeled;construction--structure--building;object--vehicle--car;nature--vegetation;nature--snow;construction--barrier--curb;nature--sky;construction--flat--road,
San Francisco,North America,2022,-122.4194,37.7749,146222681282961,2022-05-11,False,,,263,18,241,0,22,0,0,True,2022-05-12,2022-05-12,0,True,void--unlabeled;construction--barrier--fence;construction--structure--building;nature--vegetation;construction--flat--road;construction--barrier--wall;nature--sky;construction--barrier--curb,
San Francisco,North America,2023,-122.4194,37.7749,698272961985223,2023-04-05,True,,,410,21,343,23,44,0,0,True,2023-04-12,2023-04-12,0,True,void--unlabeled;construction--structure--building;marking--continuous--dashed;nature--vegetation;construction--flat--sidewalk;object--vehicle--car;object--support--pole;construction--flat--road,
San Francisco,North America,2023,-122.4194,37.7749,658430662988331,2023-07-08,False,,,467,34,348,16,97,6,0,True,2023-07-09,2023-07-09,0,True,void--unlabeled;construction--structure--building;object--wire-group;object--support--pole;construction--flat--road;object--traffic-sign--front;construction--flat--sidewalk;marking--continuous--solid,
San Francisco,North America,2023,-122.4194,37.7749,1030734471627022,2023-07-29,False,,,305,22,260,3,42,0,0,True,2023-08-03,2023-08-03,0,True,void--unlabeled;construction--structure--building;construction--flat--road;nature--vegetation;object--vehicle--car;object--support--pole;nature--sky;construction--barrier--curb,
San Francisco,North America,2024,-122.4194,37.7749,905100944799442,2024-09-10,True,,,776,34,652,9,114,1,0,True,2024-09-15,2024-09-15,0,True,void--unlabeled;construction--flat--road;construction--structure--building;construction--flat--sidewalk;nature--sky;nature--vegetation;construction--barrier--curb;object--vehicle--car,
San Francisco,North America,2024,-122.4194,37.7749,926343452650920,2024-09-10,False,,,576,28,503,5,67,1,0,True,2024-09-21,2024-09-21,0,True,void--unlabeled;construction--structure--building;construction--flat--road;construction--barrier--curb;construction--flat--sidewalk;nature--vegetation;void--static;object--support--pole,
San Francisco,North America,2024,-122.4194,37.7749,498209846347537,2024-09-10,False,,,403,30,330,20,52,1,0,True,2024-09-21,2024-09-21,0,True,void--unlabeled;construction--structure--building;marking--continuous--dashed;construction--flat--sidewalk;construction--flat--parking;object--support--pole;construction--barrier--curb;object--vehicle--car,
San Francisco,North America,2025,-122.4194,37.7749,2670114309859237,2025-08-22,False,,,438,30,356,17,65,0,0,True,2025-09-29,2025-09-29,0,True,void--unlabeled;construction--structure--building;marking--continuous--dashed;nature--vegetation;object--support--pole;construction--flat--road;object--vehicle--car;construction--flat--parking,
San Francisco,North America,2025,-122.4194,37.7749,1309759517487378,2025-08-21,False,,,366,30,280,30,55,1,0,True,2025-09-29,2025-09-29,0,True,void--unlabeled;construction--structure--building;construction--flat--road;marking--continuous--solid;nature--vegetation;object--support--pole;object--wire-group;object--vehicle--car,
San Francisco,North America,2025,-122.4194,37.7749,1312578590240914,2025-08-19,False,,,434,27,369,4,60,1,0,True,2025-09-29,2025-09-29,0,True,void--unlabeled;construction--structure--building;construction--flat--sidewalk;nature--vegetation;construction--flat--road;object--vehicle--car;construction--barrier--curb;object--support--pole,
San Francisco,North America,2026,-122.4194,37.7749,1083511054198938,2026-09-05,False,,,228,13,227,0,1,0,0,True,2026-09-06,2026-09-06,0,True,construction--flat--road;construction--flat--sidewalk;nature--snow;void--ground;void--unlabeled;void--static;nature--water;construction--flat--pedestrian-area,
San Francisco,North America,2026,-122.4194,37.7749,1519408146888377,2026-09-06,False,,,253,12,252,0,1,0,0,True,2026-09-06,2026-09-06,0,True,construction--flat--road;void--unlabeled;construction--flat--sidewalk;nature--snow;void--ground;nature--water;void--static;construction--flat--pedestrian-area,
San Francisco,North America,2026,-122.4194,37.7749,1721719102215642,2026-09-05,False,,,243,13,241,0,2,0,0,True,2026-09-06,2026-09-06,0,True,construction--flat--road;void--unlabeled;construction--flat--sidewalk;nature--snow;void--ground;void--static;nature--water;construction--flat--pedestrian-area,
New York,North America,2014-2015,-73.9857,40.7484,471626654088649,2015-06-08,False,,,249,18,210,0,39,0,0,True,2021-05-22,2023-10-20,0,True,void--unlabeled;construction--structure--building;nature--vegetation;human--person--individual;object--street-light;void--static;object--support--pole;void--dynamic,
New York,North America,2014-2015,-73.9857,40.7484,497786174911175,2015-06-08,False,,,647,30,590,1,56,0,0,True,2021-05-22,2023-10-20,0,True,void--unlabeled;void--static;construction--structure--building;construction--flat--road;construction--barrier--fence;construction--flat--sidewalk;nature--vegetation;object--support--pole,
New York,North America,2014-2015,-73.9857,40.7484,1205217529905311,2014-08-09,False,,,135,12,123,0,12,0,0,True,2023-10-19,2023-10-19,0,True,void--unlabeled;construction--structure--building;void--dynamic;construction--flat--road;construction--flat--sidewalk;void--ego-vehicle;human--person--individual;nature--sky,
New York,North America,2016-2017,-73.9857,40.7484,673010904001614,2016-01-22,False,,,436,25,351,1,82,2,0,True,2022-05-10,2022-05-10,0,True,void--unlabeled;construction--structure--building;object--support--pole;void--static;object--vehicle--car;void--dynamic;construction--flat--sidewalk;object--sign--advertisement,
New York,North America,2016-2017,-73.9857,40.7484,938811470206261,2016-08-26,False,,,180,19,141,1,38,0,0,True,2023-10-18,2023-10-18,0,True,void--unlabeled;construction--structure--building;nature--vegetation;object--vehicle--car;human--person--individual;construction--flat--road;object--traffic-sign--front;object--support--pole,
New York,North America,2016-2017,-73.9857,40.7484,546778950344409,2016-01-08,False,,,349,22,290,4,55,0,0,True,2022-05-09,2022-05-09,0,True,void--unlabeled;void--dynamic;construction--flat--sidewalk;construction--flat--road;construction--structure--building;human--person--individual;construction--barrier--curb;object--support--pole,
New York,North America,2018,-73.9857,40.7484,3400138916755774,2018-10-07,False,,,239,24,200,8,31,0,0,True,2023-10-19,2023-10-19,0,True,void--unlabeled;construction--structure--building;nature--vegetation;construction--flat--road;object--vehicle--car;object--support--pole;void--dynamic;construction--structure--bridge,
New York,North America,2018,-73.9857,40.7484,4040333176026429,2018-07-26,False,,,192,19,187,1,4,0,0,True,2023-10-21,2023-10-21,0,True,void--unlabeled;construction--structure--building;construction--structure--tunnel;construction--barrier--wall;nature--sky;nature--vegetation;construction--barrier--guard-rail;construction--flat--road,
New York,North America,2018,-73.9857,40.7484,848467602694642,2018-10-07,False,,,441,25,344,24,71,2,0,True,2023-10-19,2023-10-19,0,True,void--unlabeled;construction--structure--building;marking--continuous--solid;object--support--pole;human--person--individual;construction--flat--road;nature--vegetation;object--vehicle--car,
New York,North America,2019,-73.9857,40.7484,483989152652812,2019-12-22,False,,,673,41,530,30,113,0,0,True,2021-05-22,2023-10-18,0,True,void--unlabeled;construction--structure--building;construction--flat--road;void--static;nature--vegetation;construction--barrier--curb;construction--flat--sidewalk;object--support--pole,
New York,North America,2019,-73.9857,40.7484,930707324410593,2019-12-22,False,,,630,40,487,17,121,5,0,True,2021-05-22,2023-10-18,0,True,void--unlabeled;construction--structure--building;construction--flat--sidewalk;construction--flat--road;object--support--pole;object--wire-group;object--sign--store;object--traffic-sign--front,
New York,North America,2019,-73.9857,40.7484,1255528921530549,2019-12-15,False,,,398,29,314,14,69,1,0,True,2021-05-22,2023-10-20,0,True,void--unlabeled;void--static;construction--structure--building;object--support--pole;object--sign--store;construction--flat--sidewalk;object--sign--advertisement;construction--barrier--curb,
New York,North America,2020,-73.9857,40.7484,2973994286209578,2020-05-12,False,,,145,22,97,15,33,0,0,True,2021-05-27,2023-10-20,0,True,void--unlabeled;marking--continuous--solid;construction--structure--building;object--sign--store;construction--flat--road;object--sign--advertisement;object--support--pole;nature--sky,
New York,North America,2020,-73.9857,40.7484,882498722303429,2020-05-12,False,,,630,35,508,14,108,0,0,True,2021-05-27,2023-10-21,0,True,void--unlabeled;object--support--pole;construction--flat--road;construction--flat--sidewalk;construction--structure--building;void--static;construction--barrier--curb;object--street-light,
New York,North America,2020,-73.9857,40.7484,477827136856326,2020-05-12,False,,,420,26,353,3,63,1,0,True,2021-05-27,2023-10-19,0,True,void--unlabeled;void--static;construction--structure--building;construction--flat--sidewalk;construction--barrier--curb;object--support--pole;nature--vegetation;construction--flat--traffic-island,
New York,North America,2021,-73.9857,40.7484,597313901551320,2021-12-09,False,,,686,34,615,10,61,0,0,True,2021-12-21,2021-12-21,0,True,void--unlabeled;void--static;construction--structure--building;construction--flat--road;void--dynamic;construction--flat--sidewalk;construction--barrier--curb;construction--barrier--fence,
New York,North America,2021,-73.9857,40.7484,633465127967402,2021-12-09,False,,,644,29,572,3,69,0,0,True,2021-12-21,2021-12-21,0,True,void--unlabeled;construction--structure--building;void--static;construction--flat--sidewalk;construction--flat--pedestrian-area;void--dynamic;human--person--individual;construction--barrier--fence,
New York,North America,2021,-73.9857,40.7484,743649077037934,2021-12-07,False,,,578,16,511,1,66,0,0,True,2021-12-21,2021-12-21,0,,void--unlabeled;void--static;construction--structure--building;void--dynamic;human--person--individual;construction--flat--pedestrian-area;object--sign--advertisement;object--support--pole,
New York,North America,2022,-73.9857,40.7484,923139231717832,2022-02-23,True,,,441,30,333,52,56,0,0,True,2022-02-25,2022-02-25,0,True,void--unlabeled;marking--continuous--solid;void--static;construction--flat--road;nature--vegetation;construction--flat--sidewalk;human--person--individual;construction--barrier--curb,
New York,North America,2022,-73.9857,40.7484,471146384718844,2022-02-23,True,,,573,28,469,5,99,0,0,True,2022-02-25,2022-02-25,0,True,void--unlabeled;construction--flat--road;construction--flat--sidewalk;construction--structure--building;object--vehicle--car;nature--vegetation;human--person--individual;object--support--pole,
New York,North America,2022,-73.9857,40.7484,695181145067088,2022-02-02,False,,,725,30,619,5,101,0,0,True,2022-05-07,2022-05-07,0,True,void--unlabeled;construction--flat--road;void--static;construction--structure--building;construction--flat--sidewalk;void--dynamic;object--support--pole;construction--flat--pedestrian-area,
New York,North America,2023,-73.9857,40.7484,677718795094292,2023-09-16,True,,,422,22,363,0,59,0,0,True,2025-05-29,2025-05-29,0,True,void--unlabeled;human--person--individual;void--static;construction--flat--sidewalk;construction--structure--building;construction--flat--road;nature--vegetation;void--dynamic,
New York,North America,2023,-73.9857,40.7484,2631757796983451,2023-09-16,False,,,732,35,619,21,92,0,0,True,2023-09-27,2023-09-27,0,True,void--unlabeled;construction--flat--road;void--static;construction--flat--sidewalk;construction--structure--building;construction--flat--bike-lane;human--person--individual;void--dynamic,
New York,North America,2023,-73.9857,40.7484,1832846514231988,2023-09-14,True,,,764,39,657,16,91,0,0,True,2025-05-29,2025-05-29,0,True,void--unlabeled;construction--flat--road;construction--flat--sidewalk;void--static;construction--barrier--curb;void--dynamic;construction--structure--building;human--person--individual,
New York,North America,2024,-73.9857,40.7484,1596480364625520,2024-03-20,False,,,466,21,438,0,28,0,0,True,2024-10-16,2024-10-16,0,True,void--unlabeled;construction--flat--sidewalk;construction--flat--pedestrian-area;void--ground;void--static;construction--barrier--fence;construction--flat--road;human--person--individual,
New York,North America,2024,-73.9857,40.7484,3840295269621755,2024-10-16,False,,,520,30,457,4,59,0,0,True,2024-10-16,2024-10-16,0,True,void--unlabeled;void--dynamic;void--static;construction--flat--road;construction--structure--building;construction--flat--sidewalk;nature--vegetation;human--person--individual,
New York,North America,2024,-73.9857,40.7484,579843431071841,2024-11-07,False,,,145,12,137,0,8,0,0,True,2024-11-08,2024-11-08,0,True,void--unlabeled;construction--barrier--wall;construction--flat--pedestrian-area;construction--flat--sidewalk;nature--vegetation;construction--structure--building;void--dynamic;object--support--pole,
New York,North America,2025,-73.9857,40.7484,1545468619476121,2025-03-04,False,,,356,25,298,26,32,0,0,True,2025-03-05,2025-03-05,0,True,void--unlabeled;construction--structure--building;construction--flat--road;construction--flat--bike-lane;marking--continuous--solid;construction--barrier--wall;nature--vegetation;construction--barrier--fence,
New York,North America,2025,-73.9857,40.7484,1416068766220839,2025-03-04,False,,,188,21,161,0,27,0,0,True,2025-03-05,2025-03-05,0,True,void--unlabeled;void--static;construction--barrier--curb;void--dynamic;construction--flat--road;object--support--pole;object--street-light;construction--barrier--fence,
New York,North America,2025,-73.9857,40.7484,9149784218475691,2025-03-04,False,,,364,21,329,0,35,0,0,True,2025-03-05,2025-03-05,0,True,void--unlabeled;construction--flat--sidewalk;construction--structure--building;nature--vegetation;construction--barrier--wall;construction--barrier--curb;void--static;construction--flat--road,
New York,North America,2026,-73.9857,40.7484,927319873691985,2026-05-17,False,,,385,24,311,19,55,0,0,True,2026-05-17,2026-05-17,0,True,void--unlabeled;construction--structure--building;construction--flat--road;construction--barrier--curb;object--support--pole;marking--continuous--solid;human--person--individual;object--sign--store,
New York,North America,2026,-73.9857,40.7484,1817716815559866,2026-02-09,False,,,387,16,362,0,25,0,0,True,2026-02-15,2026-02-15,0,True,void--unlabeled;construction--flat--road;nature--snow;nature--vegetation;void--static;construction--structure--building;construction--flat--sidewalk;construction--barrier--curb,
New York,North America,2026,-73.9857,40.7484,2480836282344983,2026-02-09,False,,,327,17,289,0,38,0,0,True,2026-02-15,2026-02-15,0,True,void--unlabeled;void--static;construction--flat--sidewalk;object--support--pole;construction--flat--pedestrian-area;construction--structure--building;construction--barrier--fence;nature--vegetation,
Toronto,North America,2014-2015,-79.3832,43.6532,804171070461300,2014-08-24,False,,,337,30,259,22,56,0,0,True,2021-05-22,2024-05-17,0,True,void--unlabeled;construction--structure--building;marking--continuous--dashed;object--wire-group;construction--flat--road;nature--vegetation;construction--flat--sidewalk;nature--sky,
Toronto,North America,2014-2015,-79.3832,43.6532,1098664010629188,2014-07-04,False,,,231,22,193,11,27,0,0,True,2024-05-16,2024-05-16,0,True,void--unlabeled;construction--structure--building;nature--vegetation;marking--continuous--dashed;nature--sky;construction--barrier--curb;construction--flat--road;construction--flat--sidewalk,
Toronto,North America,2014-2015,-79.3832,43.6532,451321489263498,2014-08-04,False,,,378,28,302,2,74,0,0,True,2021-05-22,2024-05-15,0,True,void--unlabeled;construction--structure--building;object--wire-group;nature--sky;construction--flat--road;object--street-light;construction--flat--sidewalk;nature--vegetation,
Toronto,North America,2016-2017,-79.3832,43.6532,213942283510961,2016-08-17,False,,,390,22,298,5,87,0,0,True,2021-05-22,2024-05-17,0,True,void--unlabeled;object--sign--store;construction--structure--building;void--dynamic;object--wire-group;human--person--individual;construction--flat--sidewalk;construction--flat--rail-track,
Toronto,North America,2016-2017,-79.3832,43.6532,2504988282980998,2017-04-26,False,,,543,29,430,5,107,1,0,True,2021-05-22,2024-05-17,0,True,void--unlabeled;object--wire-group;construction--flat--road;construction--structure--building;void--static;construction--barrier--curb;object--vehicle--car;human--person--individual,
Toronto,North America,2016-2017,-79.3832,43.6532,319960682812610,2017-08-31,False,,,229,24,171,0,58,0,0,True,2021-05-22,2024-05-17,0,True,void--unlabeled;construction--structure--building;nature--vegetation;object--support--pole;construction--flat--road;object--sign--store;object--wire-group;object--support--utility-pole,
Toronto,North America,2018,-79.3832,43.6532,277201887371424,2018-07-29,False,,,347,20,298,1,48,0,0,True,2024-05-16,2024-05-16,0,True,void--unlabeled;construction--structure--building;void--static;human--person--individual;object--support--pole;object--vehicle--car;construction--flat--sidewalk;nature--vegetation,
Toronto,North America,2018,-79.3832,43.6532,1367707366925639,2018-05-21,False,,,564,28,455,4,105,0,0,True,2021-05-22,2024-05-16,0,True,void--unlabeled;construction--structure--building;nature--vegetation;object--street-light;object--support--pole;object--wire-group;construction--flat--sidewalk;object--traffic-sign--front,
Toronto,North America,2018,-79.3832,43.6532,498655154616527,2018-09-02,False,,,542,32,449,13,80,0,0,True,2024-05-19,2024-05-19,0,True,void--unlabeled;construction--structure--building;object--wire-group;nature--sky;construction--flat--road;construction--barrier--curb;nature--vegetation;construction--barrier--wall,
Toronto,North America,2019,-79.3832,43.6532,858435291415884,2019-12-23,False,,,478,34,374,18,85,1,0,True,2021-05-22,2024-05-18,0,True,void--unlabeled;construction--structure--building;construction--structure--bridge;nature--vegetation;object--support--pole;object--wire-group;construction--flat--road;marking--continuous--solid,
Toronto,North America,2019,-79.3832,43.6532,923414521825567,2019-10-21,False,,,457,35,377,13,66,1,0,True,2021-05-22,2024-05-19,0,True,void--unlabeled;construction--structure--building;void--static;nature--vegetation;construction--flat--sidewalk;object--support--pole;construction--flat--road;construction--barrier--curb,
Toronto,North America,2019,-79.3832,43.6532,997511777723564,2019-11-07,False,,,270,25,216,0,54,0,0,True,2021-06-01,2024-05-20,0,True,void--unlabeled;construction--structure--building;object--support--pole;construction--barrier--wall;nature--vegetation;object--street-light;void--ego-vehicle;object--vehicle--car,
Toronto,North America,2020,-79.3832,43.6532,159941019322551,2020-01-23,False,,,458,26,351,5,102,0,0,True,2021-05-22,2024-05-18,0,True,void--unlabeled;construction--structure--building;object--wire-group;construction--flat--road;object--street-light;nature--sky;void--static;construction--flat--sidewalk,
Toronto,North America,2020,-79.3832,43.6532,2817119065266192,2020-01-22,False,,,540,33,441,4,94,1,0,True,2021-05-22,2024-05-18,0,True,void--unlabeled;construction--structure--building;object--wire-group;nature--sky;void--static;construction--flat--sidewalk;construction--flat--road;object--support--utility-pole,
Toronto,North America,2020,-79.3832,43.6532,528715041869414,2020-06-07,False,,,642,35,505,3,134,0,0,True,2021-05-22,2024-05-18,0,True,void--unlabeled;construction--structure--building;object--wire-group;void--static;construction--flat--road;object--support--pole;construction--flat--sidewalk;object--street-light,
Toronto,North America,2021,-79.3832,43.6532,474733260276812,2021-01-08,False,,,93,12,86,0,7,0,0,True,2024-05-18,2024-05-18,0,,void--unlabeled;construction--flat--road;construction--barrier--fence;void--static;construction--structure--building;object--street-light;construction--barrier--concrete-block;construction--structure--tunnel,
Toronto,North America,2021,-79.3832,43.6532,461670974929518,2021-01-08,False,,,91,13,85,0,6,0,0,True,2024-05-18,2024-05-18,0,,void--unlabeled;construction--structure--bridge;construction--structure--tunnel;construction--structure--building;void--static;object--street-light;construction--flat--sidewalk;construction--flat--road,
Toronto,North America,2021,-79.3832,43.6532,856036608625890,2021-01-08,False,,,286,15,263,0,23,0,0,True,2024-05-18,2024-05-18,0,True,void--unlabeled;construction--structure--bridge;construction--structure--tunnel;void--static;construction--structure--building;construction--flat--road;construction--barrier--curb;object--street-light,
Toronto,North America,2022,-79.3832,43.6532,995168728106680,2022-12-02,False,,,319,23,301,0,18,0,0,True,2022-12-03,2022-12-03,0,True,void--unlabeled;void--static;construction--structure--building;construction--barrier--curb;construction--flat--sidewalk;construction--barrier--fence;construction--barrier--temporary;object--support--pole,
Toronto,North America,2022,-79.3832,43.6532,1313988582688879,2022-11-27,False,,,229,26,183,4,42,0,0,True,2022-11-28,2022-11-28,0,True,void--unlabeled;void--static;construction--flat--road;object--wire-group;void--ground;construction--structure--building;construction--flat--pedestrian-area;nature--sky,
Toronto,North America,2022,-79.3832,43.6532,1245342912691666,2022-12-02,False,,,358,27,301,11,46,0,0,True,2022-12-03,2022-12-03,0,True,void--unlabeled;construction--structure--building;construction--barrier--wall;construction--flat--parking;void--dynamic;void--static;object--wire-group;object--vehicle--car,
Toronto,North America,2023,-79.3832,43.6532,237967498731697,2023-08-27,False,,,154,13,147,0,7,0,0,True,2023-08-29,2023-08-29,0,,void--unlabeled;construction--structure--building;construction--flat--road;void--static;construction--flat--sidewalk;construction--flat--pedestrian-area;void--ground;nature--vegetation,
Toronto,North America,2023,-79.3832,43.6532,1034431137982565,2023-08-27,False,,,453,30,355,22,75,1,0,True,2023-08-29,2023-08-29,0,True,void--unlabeled;construction--structure--building;nature--vegetation;construction--flat--sidewalk;marking--continuous--dashed;object--support--pole;human--person--individual;object--street-light,
Toronto,North America,2023,-79.3832,43.6532,608949728102595,2023-08-27,False,,,405,34,328,10,66,1,0,True,2023-08-29,2023-08-29,0,True,void--unlabeled;construction--structure--building;construction--flat--sidewalk;nature--vegetation;construction--barrier--wall;object--street-light;object--support--pole;object--traffic-sign--front,
Toronto,North America,2025,-79.3832,43.6532,4261806357427743,2025-09-27,True,,,479,24,409,1,69,0,0,True,2025-09-27,2025-09-27,0,True,void--unlabeled;nature--vegetation;construction--structure--building;object--support--pole;construction--barrier--fence;construction--flat--sidewalk;construction--barrier--curb;human--person--individual,
Toronto,North America,2025,-79.3832,43.6532,1306805390319700,2025-09-20,True,,,381,24,296,17,67,1,0,True,2025-09-20,2025-09-20,0,True,void--unlabeled;human--person--individual;construction--flat--road;object--vehicle--car;marking--continuous--dashed;object--support--pole;construction--structure--building;construction--flat--sidewalk,
Toronto,North America,2025,-79.3832,43.6532,1174379191565168,2025-10-19,False,,,360,22,307,2,50,1,0,True,2025-11-11,2025-11-11,0,True,void--unlabeled;construction--structure--building;nature--vegetation;nature--sky;construction--structure--bridge;object--support--pole;object--street-light;construction--barrier--fence,
Toronto,North America,2026,-79.3832,43.6532,1022576540443563,2026-05-02,False,,,31,5,30,0,1,0,0,True,2026-05-02,2026-05-02,0,,construction--flat--road;void--unlabeled;construction--barrier--fence;construction--structure--building;object--sign--store,
London,Europe,2014-2015,-0.1276,51.5072,1328164027567200,2015-07-21,False,,,195,14,176,2,17,0,0,True,2023-10-12,2023-10-12,0,True,void--unlabeled;void--static;construction--structure--building;construction--structure--bridge;nature--sky;nature--water;nature--vegetation;object--support--pole,
London,Europe,2014-2015,-0.1276,51.5072,501674590850973,2015-04-04,False,,,2,2,0,0,2,0,0,False,2021-05-22,2021-05-22,0,,object--street-light;object--traffic-light--general-upright,
London,Europe,2014-2015,-0.1276,51.5072,375258923736788,2015-04-06,False,,,535,26,392,51,92,0,0,True,2021-05-22,2023-10-13,0,True,void--unlabeled;object--support--pole;marking--continuous--dashed;construction--structure--building;construction--barrier--fence;construction--flat--road;nature--vegetation;human--person--individual,
London,Europe,2016-2017,-0.1276,51.5072,827883571147113,2016-06-08,False,,,226,20,213,0,13,0,0,True,2023-10-13,2023-10-13,0,,void--unlabeled;construction--structure--tunnel;construction--structure--building;construction--barrier--fence;construction--barrier--wall;construction--barrier--concrete-block;construction--flat--road;void--static,
London,Europe,2016-2017,-0.1276,51.5072,859430661305201,2016-07-06,False,,,250,24,164,47,39,0,0,True,2021-05-22,2023-10-13,0,True,void--unlabeled;marking--continuous--dashed;object--support--pole;construction--flat--road;construction--barrier--wall;void--static;construction--barrier--fence;marking--continuous--solid,
London,Europe,2016-2017,-0.1276,51.5072,1270387766757374,2016-07-12,False,,,342,20,316,1,25,0,0,True,2021-05-22,2023-10-13,0,,void--unlabeled;void--static;construction--barrier--wall;construction--structure--building;construction--flat--sidewalk;construction--barrier--fence;void--dynamic;construction--flat--pedestrian-area,
London,Europe,2018,-0.1276,51.5072,175566164461415,2018-03-31,False,,,0,0,0,0,0,0,0,False,,,0,,,
London,Europe,2018,-0.1276,51.5072,1248090498941830,2018-05-09,False,,,607,19,550,0,57,0,0,True,2023-10-13,2023-10-13,0,True,void--unlabeled;void--static;construction--flat--road;construction--flat--pedestrian-area;construction--flat--sidewalk;construction--structure--building;construction--barrier--wall;void--dynamic,
London,Europe,2018,-0.1276,51.5072,288988259444074,2018-03-31,False,,,380,23,332,1,47,0,0,True,2021-05-22,2023-10-12,0,True,void--unlabeled;construction--structure--building;object--support--pole;construction--flat--road;nature--vegetation;void--dynamic;construction--flat--sidewalk;construction--barrier--curb,
London,Europe,2019,-0.1276,51.5072,881128649144511,2019-09-23,False,,,432,25,358,27,46,1,0,True,2021-05-22,2023-10-14,0,True,void--unlabeled;construction--flat--sidewalk;void--static;construction--barrier--curb;construction--flat--road;construction--structure--building;object--street-light;marking--continuous--solid,
London,Europe,2019,-0.1276,51.5072,324624585808275,2019-01-04,True,,,443,23,393,2,48,0,0,True,2023-10-14,2023-10-14,0,True,void--unlabeled;construction--barrier--wall;construction--structure--building;void--static;nature--vegetation;construction--flat--sidewalk;human--person--individual;construction--flat--road,
London,Europe,2019,-0.1276,51.5072,319414916318936,2019-09-26,False,,,316,14,315,0,1,0,0,True,2023-10-13,2023-10-13,0,True,void--unlabeled;void--ego-vehicle;void--static;construction--structure--building;construction--structure--tunnel;construction--structure--bridge;construction--barrier--fence;construction--barrier--road-side,
London,Europe,2020,-0.1276,51.5072,903069560240852,2020-06-20,False,,,492,22,336,123,33,0,0,True,2023-10-14,2023-10-14,0,True,void--unlabeled;marking--continuous--dashed;marking--continuous--solid;construction--flat--road;construction--flat--sidewalk;construction--structure--building;nature--vegetation;construction--barrier--curb,
London,Europe,2020,-0.1276,51.5072,807012573527407,2020-06-20,False,,,680,32,578,35,66,1,0,True,2021-05-22,2023-10-14,0,True,void--unlabeled;void--static;construction--flat--road;construction--structure--building;construction--barrier--curb;construction--flat--sidewalk;object--support--pole;marking--continuous--solid,
London,Europe,2020,-0.1276,51.5072,2168985313232264,2020-06-20,False,,,503,19,454,3,46,0,0,True,2023-10-13,2023-10-13,0,True,void--unlabeled;void--static;construction--structure--building;construction--flat--sidewalk;human--person--individual;void--dynamic;construction--barrier--wall;nature--vegetation,
London,Europe,2021,-0.1276,51.5072,846402405961696,2021-05-02,False,,,305,21,264,1,40,0,0,True,2023-10-14,2023-10-14,0,True,void--unlabeled;void--static;construction--barrier--wall;nature--vegetation;object--support--pole;construction--structure--building;construction--flat--sidewalk;human--person--individual,
London,Europe,2021,-0.1276,51.5072,585492449099411,2021-06-15,True,,,237,26,189,14,34,0,0,True,2021-06-17,2021-06-17,0,True,void--unlabeled;construction--barrier--fence;construction--structure--building;marking--continuous--solid;construction--flat--road;construction--barrier--curb;construction--flat--sidewalk;nature--vegetation,
London,Europe,2021,-0.1276,51.5072,172298768153517,2021-03-31,False,,,585,31,492,14,77,2,0,True,2023-10-14,2023-10-14,0,True,void--unlabeled;construction--structure--building;void--static;construction--flat--road;construction--flat--sidewalk;nature--vegetation;object--support--pole;construction--flat--pedestrian-area,
London,Europe,2022,-0.1276,51.5072,116887654512659,2022-07-28,False,,,741,34,631,12,98,0,0,True,2023-02-10,2023-02-10,0,True,void--unlabeled;construction--flat--road;void--static;construction--structure--building;construction--flat--sidewalk;construction--barrier--curb;nature--vegetation;human--person--individual,
London,Europe,2022,-0.1276,51.5072,1032876080690867,2022-07-05,False,,,476,27,404,9,63,0,0,True,2022-07-07,2022-07-07,0,True,void--unlabeled;construction--structure--building;object--support--pole;nature--vegetation;construction--flat--road;construction--flat--sidewalk;human--person--individual;object--street-light,
London,Europe,2022,-0.1276,51.5072,378318094348614,2022-07-26,False,,,780,35,580,111,88,1,0,True,2022-07-29,2022-07-29,0,True,void--unlabeled;construction--flat--road;marking--continuous--solid;marking--continuous--dashed;construction--barrier--curb;construction--structure--building;object--support--pole;nature--vegetation,
London,Europe,2023,-0.1276,51.5072,970408097495260,2023-06-30,False,,,529,24,476,0,53,0,0,True,2023-07-01,2023-07-01,0,True,void--unlabeled;construction--flat--pedestrian-area;construction--structure--building;construction--barrier--fence;construction--barrier--wall;void--static;construction--structure--bridge;human--person--individual,
London,Europe,2023,-0.1276,51.5072,703115184754334,2023-01-01,False,,,345,23,319,2,24,0,0,True,2023-01-02,2023-01-02,0,True,void--unlabeled;construction--flat--sidewalk;construction--flat--road;construction--structure--building;void--dynamic;construction--barrier--curb;human--person--individual;construction--structure--bridge,
London,Europe,2023,-0.1276,51.5072,945300296547450,2023-06-30,False,,,223,17,203,1,19,0,0,True,2023-07-01,2023-07-01,0,,void--unlabeled;construction--flat--sidewalk;void--static;construction--structure--building;construction--barrier--curb;void--ground;human--person--individual;object--support--pole,
London,Europe,2024,-0.1276,51.5072,1117557062786856,2024-05-11,False,,,582,29,484,0,97,1,0,True,2024-05-15,2024-05-15,0,True,void--unlabeled;construction--structure--building;human--person--individual;object--support--pole;object--street-light;construction--barrier--curb;nature--sky;nature--vegetation,
London,Europe,2024,-0.1276,51.5072,706272764961566,2024-01-24,True,,,371,18,318,0,53,0,0,True,2024-01-29,2024-01-29,0,True,void--unlabeled;construction--flat--pedestrian-area;human--person--individual;construction--barrier--curb;void--dynamic;void--static;object--sign--store;construction--structure--building,
London,Europe,2024,-0.1276,51.5072,762859292028538,2024-01-24,True,,,438,25,394,0,44,0,0,True,2024-01-29,2024-01-29,0,True,void--unlabeled;void--static;nature--vegetation;construction--flat--sidewalk;construction--structure--building;construction--barrier--wall;construction--structure--bridge;nature--sky,
London,Europe,2025,-0.1276,51.5072,600645732666180,2025-07-02,True,,,455,29,350,22,83,0,0,True,2025-07-03,2025-07-03,0,True,void--unlabeled;human--person--individual;construction--flat--sidewalk;construction--flat--road;construction--barrier--curb;marking--continuous--solid;construction--structure--building;void--dynamic,
London,Europe,2025,-0.1276,51.5072,1009936538108477,2025-10-31,False,,,314,21,271,23,20,0,0,True,2026-06-23,2026-06-23,0,True,void--unlabeled;construction--flat--road;void--static;construction--structure--building;marking--continuous--solid;construction--barrier--curb;nature--vegetation;nature--sky,
London,Europe,2025,-0.1276,51.5072,661016926986038,2025-07-02,True,,,317,22,251,5,60,1,0,True,2025-07-03,2025-07-03,0,True,void--unlabeled;construction--structure--building;human--person--individual;object--support--pole;construction--flat--road;object--vehicle--car;construction--barrier--curb;construction--flat--sidewalk,
London,Europe,2026,-0.1276,51.5072,1665337797825651,2026-04-05,False,,,403,30,330,43,30,0,0,True,2026-04-09,2026-04-09,0,True,void--unlabeled;construction--structure--building;marking--continuous--dashed;void--static;construction--barrier--wall;construction--flat--sidewalk;nature--sky;construction--flat--road,
London,Europe,2026,-0.1276,51.5072,1797685907923278,2026-09-12,False,,,328,22,295,0,32,1,0,True,2026-09-17,2026-09-17,0,True,void--unlabeled;construction--structure--building;construction--barrier--wall;construction--flat--sidewalk;construction--barrier--curb;construction--barrier--fence;construction--flat--road;nature--vegetation,
London,Europe,2026,-0.1276,51.5072,1003474672117608,2026-05-20,False,,,269,23,218,21,30,0,0,True,2026-05-21,2026-05-21,0,True,void--unlabeled;void--static;marking--continuous--solid;construction--structure--building;construction--barrier--curb;construction--flat--road;object--support--pole;object--manhole,
Paris,Europe,2014-2015,2.3522,48.8566,1692751577578785,2015-07-13,False,,,0,0,0,0,0,0,0,False,,,0,,,
Paris,Europe,2014-2015,2.3522,48.8566,496064675079189,2015-09-19,False,,,0,0,0,0,0,0,0,False,,,0,,,
Paris,Europe,2014-2015,2.3522,48.8566,1374587849579618,2015-07-13,False,,,0,0,0,0,0,0,0,False,,,0,,,
Paris,Europe,2016-2017,2.3522,48.8566,889765974914258,2017-10-17,False,,,12,8,0,0,7,5,0,False,2021-05-19,2021-05-22,0,,object--sign--store;warning--road-narrows--g1;regulatory--buses-only--g1;regulatory--maximum-speed-limit-30--g1;regulatory--no-left-turn--g1;regulatory--no-stopping--g1;object--bike-rack;object--street-light,
Paris,Europe,2016-2017,2.3522,48.8566,481434856542731,2016-03-15,False,,,7,4,0,0,5,2,0,False,2021-05-19,2021-05-23,0,,object--traffic-light--general-upright;object--sign--store;regulatory--bicycles-only--g1;regulatory--no-entry--g1,
Paris,Europe,2016-2017,2.3522,48.8566,147106250706921,2016-01-14,False,,,0,0,0,0,0,0,0,False,,,0,,,
Paris,Europe,2018,2.3522,48.8566,461628398458212,2018-04-07,False,,,4,2,0,0,4,0,0,False,2021-05-22,2021-05-22,0,,object--sign--advertisement;object--traffic-light--general-upright,
Paris,Europe,2018,2.3522,48.8566,177512087591799,2018-08-28,True,,,3,1,0,0,3,0,0,False,2021-05-22,2021-05-23,0,,object--banner,
Paris,Europe,2018,2.3522,48.8566,508806810477939,2018-05-03,True,,,3,3,0,0,2,1,0,False,2021-05-21,2021-05-22,0,,regulatory--no-entry--g1;object--sign--store;object--traffic-light--general-upright,
Paris,Europe,2019,2.3522,48.8566,228463131949117,2019-04-23,False,,,1,1,0,0,0,1,0,False,2021-05-21,2021-05-21,0,,regulatory--no-parking--g1,
Paris,Europe,2019,2.3522,48.8566,494690155006877,2019-06-07,False,,,1,1,0,0,1,0,0,False,2021-05-22,2021-05-22,0,,object--sign--advertisement,
Paris,Europe,2019,2.3522,48.8566,202662138363599,2019-04-06,True,,,6,5,0,0,4,2,0,False,2021-05-21,2021-05-22,0,,object--traffic-light--general-upright;regulatory--no-entry--g1;information--general-directions--g1;object--sign--store;object--street-light,
Paris,Europe,2020,2.3522,48.8566,1428246227520214,2020-08-19,False,,,10,4,0,0,10,0,0,False,2021-05-22,2021-05-22,0,,object--street-light;object--sign--advertisement;object--sign--store;object--traffic-light--pedestrians,
Paris,Europe,2020,2.3522,48.8566,225855575572797,2020-08-09,False,,,3,3,0,0,3,0,0,False,2021-05-22,2021-05-22,0,,object--traffic-light--pedestrians;object--sign--advertisement;object--sign--store,
Paris,Europe,2020,2.3522,48.8566,301987008148660,2020-09-15,False,,,0,0,0,0,0,0,0,False,,,0,,,
Paris,Europe,2021,2.3522,48.8566,842485139954187,2021-04-15,False,,,0,0,0,0,0,0,0,False,,,0,,,
Paris,Europe,2021,2.3522,48.8566,506622563868498,2021-05-03,False,,,0,0,0,0,0,0,0,False,,,0,,,
Paris,Europe,2021,2.3522,48.8566,4063005660388505,2021-04-26,False,,,0,0,0,0,0,0,0,False,,,0,,,
Paris,Europe,2022,2.3522,48.8566,1361409477702066,2022-05-18,True,,,332,19,295,1,36,0,0,True,2022-05-19,2022-05-19,0,True,void--unlabeled;construction--structure--building;human--person--individual;void--static;construction--barrier--fence;void--ground;nature--vegetation;construction--flat--road,
Paris,Europe,2022,2.3522,48.8566,2322442521246484,2022-07-05,False,,,215,23,186,4,25,0,0,True,2022-08-09,2022-08-09,0,True,void--unlabeled;construction--flat--road;construction--flat--sidewalk;construction--flat--traffic-island;construction--barrier--curb;object--vehicle--car;nature--vegetation;marking--continuous--dashed,
Paris,Europe,2022,2.3522,48.8566,422443563025188,2022-07-05,False,,,305,27,283,2,19,1,0,True,2022-08-09,2022-08-09,0,True,void--unlabeled;construction--barrier--wall;construction--structure--building;nature--vegetation;construction--flat--sidewalk;void--static;construction--barrier--curb;construction--flat--road,
Paris,Europe,2023,2.3522,48.8566,6681174998599276,2023-06-20,True,,,625,31,521,47,57,0,0,True,2023-07-20,2023-07-20,0,True,void--unlabeled;void--static;construction--flat--road;nature--vegetation;marking--continuous--solid;construction--barrier--curb;construction--flat--pedestrian-area;construction--structure--building,
Paris,Europe,2023,2.3522,48.8566,5867458396689320,2023-06-20,True,,,623,24,587,0,36,0,0,True,2023-07-20,2023-07-20,0,True,void--unlabeled;void--static;construction--structure--building;nature--vegetation;construction--flat--pedestrian-area;void--dynamic;void--ground;construction--barrier--fence,
Paris,Europe,2023,2.3522,48.8566,1444212639774039,2023-12-19,False,,,282,25,224,7,48,3,0,True,2023-12-19,2023-12-19,0,True,void--unlabeled;object--support--pole;void--dynamic;construction--flat--road;construction--flat--sidewalk;construction--barrier--curb;object--sign--store;object--vehicle--bicycle,
Paris,Europe,2024,2.3522,48.8566,399405226202301,2024-04-06,False,,,386,26,331,9,46,0,0,True,2024-04-06,2024-04-06,0,True,void--unlabeled;nature--vegetation;construction--structure--building;construction--barrier--fence;construction--flat--road;construction--barrier--wall;object--support--pole;construction--flat--sidewalk,
Paris,Europe,2024,2.3522,48.8566,335566908832992,2024-02-17,False,,,361,27,286,13,60,2,0,True,2024-02-18,2024-02-18,0,True,void--unlabeled;construction--structure--building;object--support--pole;construction--flat--road;nature--sky;object--vehicle--car;construction--flat--sidewalk;nature--vegetation,
Paris,Europe,2024,2.3522,48.8566,1557580705091656,2024-02-17,False,,,252,21,216,0,36,0,0,True,2024-02-18,2024-02-18,0,True,void--unlabeled;construction--flat--sidewalk;construction--structure--building;nature--vegetation;void--static;nature--sky;object--support--pole;human--person--individual,
Paris,Europe,2025,2.3522,48.8566,942913921116045,2025-04-19,False,,,367,21,304,0,62,1,0,True,2025-04-28,2025-04-28,0,True,void--unlabeled;void--static;nature--vegetation;construction--structure--building;human--person--individual;construction--barrier--fence;construction--barrier--wall;object--support--pole,
Paris,Europe,2026,2.3522,48.8566,2287522385400395,2026-06-01,False,,,181,21,164,1,16,0,0,True,2026-06-01,2026-06-01,0,True,void--unlabeled;construction--flat--sidewalk;construction--barrier--curb;construction--flat--road;void--static;construction--barrier--fence;object--support--pole;construction--structure--building,
Paris,Europe,2026,2.3522,48.8566,2291949874890860,2026-07-04,False,,,102,15,94,6,2,0,0,True,2026-07-04,2026-07-04,0,True,construction--structure--tunnel;void--unlabeled;void--static;construction--flat--sidewalk;construction--flat--road;construction--structure--building;marking--continuous--solid;void--dynamic,
Paris,Europe,2026,2.3522,48.8566,1502351958301618,2026-06-01,False,,,291,21,246,8,37,0,0,True,2026-06-01,2026-06-01,0,True,void--unlabeled;void--static;void--dynamic;construction--structure--building;construction--barrier--curb;object--sign--store;object--support--pole;marking--continuous--dashed,
Berlin,Europe,2014-2015,13.405,52.52,1441861529486379,2015-09-13,False,,,2,2,0,0,0,2,0,False,2021-05-20,2021-05-21,0,,information--general-directions--g1;information--bus-stop--g1,
Berlin,Europe,2014-2015,13.405,52.52,550473772601640,2015-09-11,False,,,0,0,0,0,0,0,0,False,,,0,,,
Berlin,Europe,2014-2015,13.405,52.52,1476495596017149,2015-09-13,False,,,6,4,0,0,4,2,0,False,2021-05-20,2021-05-22,0,,object--street-light;information--road-bump--g1;information--bus-stop--g1;object--sign--advertisement,
Berlin,Europe,2016-2017,13.405,52.52,276751420811933,2017-09-04,False,,,2,2,0,0,1,1,0,False,2021-05-20,2021-05-22,0,,regulatory--maximum-speed-limit-30--g1;object--street-light,
Berlin,Europe,2016-2017,13.405,52.52,291083582697269,2017-06-02,False,,,0,0,0,0,0,0,0,False,,,0,,,
Berlin,Europe,2016-2017,13.405,52.52,379330560035623,2017-11-05,False,,,3,2,0,0,3,0,0,False,2021-05-22,2021-05-22,0,,object--support--utility-pole;object--support--pole,
Berlin,Europe,2018,13.405,52.52,518363056237705,2018-01-24,False,,,2,1,0,0,2,0,0,False,2021-05-22,2021-05-23,0,,object--sign--store,
Berlin,Europe,2018,13.405,52.52,152405646891295,2018-01-20,False,,,0,0,0,0,0,0,0,False,,,0,,,
Berlin,Europe,2018,13.405,52.52,1721980064641081,2018-01-20,False,,,0,0,0,0,0,0,0,False,,,0,,,
Berlin,Europe,2019,13.405,52.52,2786754738245332,2019-09-13,False,,,6,4,3,0,1,2,0,True,2021-05-21,2021-05-22,0,,construction--barrier--temporary;regulatory--maximum-speed-limit-30--g1;warning--traffic-signals--g1;object--support--utility-pole,
Berlin,Europe,2019,13.405,52.52,514107986666338,2019-05-08,False,,,3,3,0,0,3,0,0,False,2021-05-22,2021-05-22,0,,object--traffic-light--general-upright;object--street-light;object--sign--advertisement,
Berlin,Europe,2019,13.405,52.52,294804398810135,2019-03-10,False,,,0,0,0,0,0,0,0,False,,,0,,,
Berlin,Europe,2020,13.405,52.52,2832726766978242,2020-07-22,False,,,0,0,0,0,0,0,0,False,,,0,,,
Berlin,Europe,2020,13.405,52.52,801738310456814,2020-11-16,False,,,0,0,0,0,0,0,0,False,,,0,,,
Berlin,Europe,2020,13.405,52.52,532323244600425,2020-04-19,False,,,5,4,2,0,0,3,0,True,2021-05-19,2021-05-22,0,,construction--barrier--temporary;information--parking--g5;information--general-directions--g1;warning--other-danger--g1,
Berlin,Europe,2021,13.405,52.52,612260153271823,2021-09-23,False,,,408,21,328,11,69,0,0,True,2021-09-24,2021-09-24,0,True,void--unlabeled;construction--structure--building;construction--barrier--fence;construction--flat--road;object--street-light;object--support--pole;nature--vegetation;object--traffic-sign--front,
Berlin,Europe,2021,13.405,52.52,797132330980741,2021-08-20,False,,,166,20,144,8,14,0,0,True,2021-08-20,2021-08-20,0,True,void--unlabeled;construction--structure--building;construction--flat--road;nature--vegetation;marking--continuous--solid;void--static;construction--barrier--curb;object--vehicle--car,
Berlin,Europe,2021,13.405,52.52,300012364944296,2021-03-25,False,,,0,0,0,0,0,0,0,False,,,0,,,
Berlin,Europe,2022,13.405,52.52,1461556647632523,2022-06-29,False,,,398,26,338,18,39,3,0,True,2022-07-03,2022-07-03,0,True,void--unlabeled;void--dynamic;void--static;construction--barrier--fence;construction--structure--building;marking--continuous--solid;nature--vegetation;object--support--pole,
Berlin,Europe,2022,13.405,52.52,1553587081725917,2022-08-25,False,,,272,20,224,0,46,2,0,True,2022-08-26,2022-08-26,0,True,void--unlabeled;void--static;construction--structure--building;object--support--pole;object--traffic-sign--front;construction--barrier--curb;construction--flat--sidewalk;nature--vegetation,
Berlin,Europe,2022,13.405,52.52,781834596480778,2022-09-15,False,,,596,34,504,9,82,1,0,True,2022-09-17,2022-09-17,0,True,void--unlabeled;object--support--pole;nature--vegetation;construction--flat--road;void--static;nature--terrain;construction--structure--building;construction--flat--sidewalk,
Berlin,Europe,2023,13.405,52.52,7259698327428269,2023-12-11,False,,,504,30,407,34,63,0,0,True,2023-12-12,2023-12-12,0,True,void--unlabeled;void--static;construction--barrier--fence;construction--barrier--curb;construction--structure--building;marking--continuous--solid;construction--flat--road;nature--vegetation,
Berlin,Europe,2023,13.405,52.52,292813460344149,2023-10-27,False,,,345,30,281,4,57,3,0,True,2023-10-28,2023-10-28,0,True,void--unlabeled;construction--structure--building;nature--vegetation;construction--flat--road;object--support--pole;object--vehicle--car;construction--flat--sidewalk;object--traffic-sign--front,
Berlin,Europe,2023,13.405,52.52,3057699077869670,2023-06-08,False,,,440,26,361,13,63,3,0,True,2023-06-09,2023-06-09,0,True,void--unlabeled;construction--flat--sidewalk;construction--flat--road;construction--structure--building;construction--barrier--curb;construction--flat--bike-lane;void--dynamic;nature--vegetation,
Berlin,Europe,2024,13.405,52.52,853417413398571,2024-12-06,False,,,269,29,212,2,52,3,0,True,2024-12-10,2024-12-10,0,True,void--unlabeled;construction--structure--building;object--wire-group;construction--barrier--curb;construction--flat--road;object--support--pole;object--vehicle--car;object--traffic-sign--front,
Berlin,Europe,2024,13.405,52.52,1471990816815106,2024-09-19,False,,,355,22,331,4,20,0,0,True,2024-09-20,2024-09-20,0,,void--unlabeled;construction--structure--building;construction--flat--road;construction--structure--bridge;construction--flat--pedestrian-area;construction--flat--rail-track;construction--flat--sidewalk;void--ground,
Berlin,Europe,2024,13.405,52.52,1120330096107158,2024-11-29,False,,,189,16,153,0,36,0,0,True,2024-11-30,2024-11-30,0,True,void--unlabeled;construction--structure--building;construction--flat--road;construction--flat--parking;object--vehicle--car;object--support--pole;object--traffic-sign--front;nature--vegetation,
Berlin,Europe,2025,13.405,52.52,1762957830942814,2025-02-19,False,,,183,16,165,0,18,0,0,True,2025-02-19,2025-02-19,0,True,void--unlabeled;construction--structure--building;nature--vegetation;void--ground;void--static;construction--barrier--fence;object--support--pole;construction--flat--road,
Berlin,Europe,2025,13.405,52.52,1200109968614488,2025-09-30,False,,,355,29,305,1,48,1,0,True,2025-10-02,2025-10-02,0,True,void--unlabeled;void--static;nature--vegetation;construction--structure--building;void--dynamic;construction--barrier--fence;construction--flat--road;construction--flat--parking,
Berlin,Europe,2025,13.405,52.52,1656001601770556,2025-06-19,False,,,419,27,330,4,85,0,0,True,2025-06-20,2025-06-20,0,True,void--unlabeled;void--static;object--wire-group;construction--structure--building;construction--flat--sidewalk;construction--flat--road;object--street-light;nature--vegetation,
Berlin,Europe,2026,13.405,52.52,1524122405981899,2026-05-19,False,,,493,32,415,14,63,1,0,True,2026-05-19,2026-05-19,0,True,void--unlabeled;construction--structure--building;construction--flat--road;nature--vegetation;construction--barrier--curb;construction--flat--sidewalk;human--person--individual;marking--continuous--dashed,
Berlin,Europe,2026,13.405,52.52,1391695255976838,2026-03-12,False,,,639,26,556,15,67,1,0,True,2026-03-13,2026-03-13,0,True,void--unlabeled;construction--structure--building;nature--vegetation;construction--flat--sidewalk;construction--barrier--curb;void--ground;void--static;object--support--pole,
Berlin,Europe,2026,13.405,52.52,36321924577422060,2026-06-22,False,,,189,15,171,8,10,0,0,True,2026-06-22,2026-06-22,0,,void--unlabeled;construction--flat--parking;nature--vegetation;construction--structure--building;construction--flat--road;construction--barrier--curb;marking--discrete--other-marking;construction--barrier--fence,
Madrid,Europe,2014-2015,-3.7038,40.4168,834068180529142,2015-10-21,False,,,4,3,0,0,3,1,0,False,2021-05-22,2021-05-23,0,,object--street-light;object--sign--store;information--pedestrians-crossing--g1,
Madrid,Europe,2014-2015,-3.7038,40.4168,1183017125469761,2015-05-24,False,,,1,1,0,0,1,0,0,False,2021-05-22,2021-05-22,0,,object--support--pole,
Madrid,Europe,2014-2015,-3.7038,40.4168,186022256676376,2015-04-17,False,,,5,4,0,0,4,1,0,False,2021-05-21,2021-05-22,0,,object--support--pole;regulatory--no-entry--g1;object--traffic-light--general-upright;object--sign--advertisement,
Madrid,Europe,2016-2017,-3.7038,40.4168,937064907053178,2017-06-01,False,,,1,1,0,0,1,0,0,False,2021-05-22,2021-05-22,0,,object--support--pole,
Madrid,Europe,2016-2017,-3.7038,40.4168,765609674153196,2017-05-22,True,,,4,3,0,0,4,0,0,False,2021-05-22,2021-05-22,0,,object--sign--store;object--sign--advertisement;object--street-light,
Madrid,Europe,2016-2017,-3.7038,40.4168,747266799181103,2016-02-25,False,,,21,9,1,2,16,2,0,True,2021-05-21,2021-05-24,0,,object--banner;object--street-light;object--traffic-light--general-upright;regulatory--no-left-turn--g1;marking--discrete--arrow--straight;object--sign--store;object--sign--advertisement;object--trash-can,
Madrid,Europe,2018,-3.7038,40.4168,751976022187375,2018-06-15,False,,,0,0,0,0,0,0,0,False,,,0,,,
Madrid,Europe,2018,-3.7038,40.4168,225722455696495,2018-09-12,False,,,3,3,0,1,2,0,0,False,2021-05-28,2021-05-28,0,,object--street-light;object--sign--store;marking--discrete--symbol--bicycle,
Madrid,Europe,2018,-3.7038,40.4168,4031427376943250,2018-09-03,False,,,14,6,0,0,11,3,0,False,2021-05-27,2021-05-30,0,,object--street-light;object--support--pole;regulatory--turn-right-ahead--g1;information--living-street--g1;information--parking--g1;object--sign--advertisement,
Madrid,Europe,2019,-3.7038,40.4168,312848210221488,2019-09-27,False,,,0,0,0,0,0,0,0,False,,,0,,,
Madrid,Europe,2019,-3.7038,40.4168,1123880831425721,2019-07-27,False,,,1,1,0,0,1,0,0,False,2021-05-22,2021-05-22,0,,object--traffic-light--general-upright,
Madrid,Europe,2019,-3.7038,40.4168,857685141495635,2019-07-27,False,,,2,2,0,1,0,1,0,False,2021-05-22,2021-05-24,0,,regulatory--no-right-turn--g1;marking--discrete--arrow--left,
Madrid,Europe,2020,-3.7038,40.4168,325227685853861,2020-07-25,False,,,3,2,0,0,3,0,0,False,2021-05-22,2021-05-24,0,,object--traffic-light--general-upright;object--trash-can,
Madrid,Europe,2020,-3.7038,40.4168,338404230963662,2020-07-25,False,,,2,2,0,0,0,2,0,False,2021-05-20,2021-05-21,0,,regulatory--go-straight--g1;regulatory--no-entry--g1,
Madrid,Europe,2020,-3.7038,40.4168,944788312956044,2020-07-25,False,,,3,3,1,1,1,0,0,True,2021-05-22,2021-05-22,0,,object--traffic-light--general-upright;construction--flat--crosswalk-plain;marking--discrete--stop-line,
Madrid,Europe,2021,-3.7038,40.4168,345638487255999,2021-08-20,False,,,362,23,293,2,67,0,0,True,2021-08-20,2021-08-20,0,True,void--unlabeled;construction--structure--building;void--static;object--street-light;object--support--pole;human--person--individual;construction--flat--road;void--dynamic,
Madrid,Europe,2021,-3.7038,40.4168,1186803551770898,2021-03-04,False,,,511,27,432,2,76,1,0,True,2021-08-25,2021-08-25,0,True,void--unlabeled;construction--structure--building;nature--vegetation;object--support--pole;construction--flat--sidewalk;void--dynamic;human--person--individual;construction--barrier--curb,
Madrid,Europe,2021,-3.7038,40.4168,361015425747332,2021-08-20,False,,,335,21,293,0,42,0,0,True,2021-08-20,2021-08-20,0,True,void--unlabeled;void--static;human--person--individual;void--dynamic;construction--structure--building;construction--barrier--wall;construction--flat--sidewalk;construction--flat--pedestrian-area,
Madrid,Europe,2022,-3.7038,40.4168,144817631488648,2022-07-13,False,,,81,17,64,1,15,1,0,True,2022-07-14,2022-07-14,0,True,void--unlabeled;construction--structure--building;construction--flat--sidewalk;object--support--pole;construction--flat--curb-cut;construction--flat--road;object--street-light;object--sign--store,
Madrid,Europe,2022,-3.7038,40.4168,7682710475104830,2022-02-23,False,,,129,12,124,0,5,0,0,True,2022-04-13,2022-04-13,0,,void--ground;construction--structure--building;construction--flat--sidewalk;nature--terrain;void--static;void--unlabeled;nature--sky;nature--vegetation,
Madrid,Europe,2022,-3.7038,40.4168,1864751477048822,2022-05-25,False,,,123,15,108,0,15,0,0,True,2022-05-25,2022-05-25,0,,void--unlabeled;construction--structure--building;void--static;nature--vegetation;construction--flat--sidewalk;void--dynamic;construction--flat--road;human--person--individual,
Madrid,Europe,2023,-3.7038,40.4168,1237723983561968,2023-08-11,False,,,659,31,590,0,65,4,0,True,2023-08-12,2023-08-12,0,True,void--unlabeled;void--static;construction--structure--building;construction--flat--road;construction--barrier--curb;construction--flat--sidewalk;construction--barrier--wall;void--dynamic,
Madrid,Europe,2023,-3.7038,40.4168,945381749936843,2023-04-09,False,,,204,12,172,0,32,0,0,True,2023-04-10,2023-04-10,0,,void--unlabeled;construction--flat--pedestrian-area;human--person--individual;construction--flat--road;construction--barrier--fence;nature--vegetation;construction--barrier--curb;void--ground,
Madrid,Europe,2023,-3.7038,40.4168,3552163235025527,2023-08-11,False,,,246,21,192,19,34,1,0,True,2023-08-12,2023-08-12,0,True,void--unlabeled;marking--continuous--zigzag;construction--flat--road;object--sign--store;object--support--pole;construction--barrier--curb;construction--flat--parking;construction--structure--building,
Madrid,Europe,2024,-3.7038,40.4168,464222219620985,2024-05-23,False,,,282,15,280,0,2,0,0,True,2024-05-24,2024-05-24,0,,construction--structure--building;construction--flat--road;construction--structure--bridge;void--static;void--unlabeled;construction--flat--pedestrian-area;construction--flat--sidewalk;void--ego-vehicle,
Madrid,Europe,2024,-3.7038,40.4168,431768555912458,2024-03-25,False,,,354,33,292,26,36,0,0,True,2024-03-26,2024-03-26,0,True,void--unlabeled;marking--continuous--dashed;construction--flat--bike-lane;construction--structure--building;construction--barrier--curb;construction--flat--road;void--static;nature--sky,
Madrid,Europe,2024,-3.7038,40.4168,1633409010531501,2024-04-26,False,,,941,48,781,69,87,4,0,True,2024-04-26,2024-04-26,0,True,void--unlabeled;void--static;construction--flat--road;construction--flat--sidewalk;construction--structure--building;construction--barrier--curb;construction--flat--traffic-island;marking--continuous--solid,
Madrid,Europe,2025,-3.7038,40.4168,1139699964740084,2025-07-18,False,,,126,14,108,0,18,0,0,True,2025-07-18,2025-07-18,0,True,void--unlabeled;construction--structure--building;human--person--individual;construction--barrier--curb;nature--vegetation;object--support--pole;construction--flat--sidewalk;object--vehicle--car,
Madrid,Europe,2025,-3.7038,40.4168,1400904807834102,2025-07-18,False,,,148,14,125,3,20,0,0,True,2025-07-18,2025-07-18,0,True,void--unlabeled;construction--structure--building;object--vehicle--car;nature--vegetation;construction--barrier--fence;construction--flat--sidewalk;construction--flat--road;construction--barrier--wall,
Madrid,Europe,2025,-3.7038,40.4168,701949686155556,2025-07-11,False,,,250,21,194,15,41,0,0,True,2025-07-11,2025-07-11,0,True,void--unlabeled;construction--structure--building;object--street-light;nature--vegetation;object--support--pole;object--vehicle--car;marking--continuous--dashed;marking--continuous--solid,
Madrid,Europe,2026,-3.7038,40.4168,881821991092953,2026-07-02,False,,,142,12,129,0,13,0,0,True,2026-07-02,2026-07-02,0,,void--unlabeled;construction--structure--building;nature--vegetation;construction--flat--sidewalk;object--vehicle--car;construction--flat--road;object--sign--store;nature--terrain,
Madrid,Europe,2026,-3.7038,40.4168,1324023309928409,2026-06-12,False,,,291,26,239,11,41,0,0,True,2026-06-13,2026-06-13,0,True,void--unlabeled;construction--structure--building;construction--flat--sidewalk;construction--flat--parking;construction--flat--road;marking--continuous--dashed;object--support--pole;construction--barrier--curb,
Madrid,Europe,2026,-3.7038,40.4168,784756461356928,2026-02-17,False,,,172,15,141,15,15,1,0,True,2026-02-17,2026-02-17,0,,void--unlabeled;marking--continuous--dashed;nature--vegetation;construction--structure--building;construction--barrier--fence;construction--flat--parking;construction--flat--road;object--support--pole,
Stockholm,Europe,2014-2015,18.0686,59.3293,946880042713741,2015-09-30,False,,,0,0,0,0,0,0,0,False,,,0,,,
Stockholm,Europe,2014-2015,18.0686,59.3293,4134304729925687,2014-05-22,False,,,0,0,0,0,0,0,0,False,,,0,,,
Stockholm,Europe,2014-2015,18.0686,59.3293,235928474985409,2015-10-01,False,,,0,0,0,0,0,0,0,False,,,0,,,
Stockholm,Europe,2016-2017,18.0686,59.3293,168823968477713,2016-09-11,True,,,3,3,0,0,3,0,0,False,2021-05-22,2021-05-22,0,,object--support--pole;object--manhole;object--street-light,
Stockholm,Europe,2016-2017,18.0686,59.3293,229634488921535,2017-06-10,False,,,7,5,0,0,6,1,0,False,2021-05-19,2021-05-22,0,,object--support--pole;object--sign--store;information--general-directions--g1;object--street-light;object--sign--information,
Stockholm,Europe,2016-2017,18.0686,59.3293,498238831362941,2016-04-11,False,,,2,2,0,0,2,0,0,False,2021-05-22,2021-05-22,0,,object--support--utility-pole;object--street-light,
Stockholm,Europe,2018,18.0686,59.3293,171615341509397,2018-09-28,False,,,1,1,0,0,0,1,0,False,2021-05-21,2021-05-21,0,,regulatory--turn-right-ahead--g1,
Stockholm,Europe,2018,18.0686,59.3293,1405380536497331,2018-09-30,False,,,3,1,0,0,3,0,0,False,2021-05-22,2021-05-23,0,,object--street-light,
Stockholm,Europe,2018,18.0686,59.3293,4466390196707764,2018-09-30,False,,,1,1,0,0,1,0,0,False,2021-05-22,2021-05-22,0,,object--street-light,
Stockholm,Europe,2019,18.0686,59.3293,1071496850041623,2019-07-04,False,,,4,3,0,0,4,0,0,False,2021-05-22,2021-05-22,0,,object--street-light;object--sign--advertisement;object--sign--store,
Stockholm,Europe,2019,18.0686,59.3293,823788868556223,2019-08-19,False,,,14,9,0,0,12,2,0,False,2021-05-21,2021-05-22,0,,object--banner;object--sign--advertisement;object--traffic-light--pedestrians;object--manhole;object--traffic-light--general-upright;regulatory--keep-right--g1;information--general-directions--g1;object--sign--store,
Stockholm,Europe,2019,18.0686,59.3293,223476742535119,2019-08-19,False,,,2,2,0,0,2,0,0,False,2021-05-22,2021-05-22,0,,object--street-light;object--support--utility-pole,
Stockholm,Europe,2020,18.0686,59.3293,503267274243023,2020-04-06,False,,,3,2,0,0,3,0,0,False,2021-05-22,2021-05-22,0,,object--traffic-light--general-upright;object--traffic-light--pedestrians,
Stockholm,Europe,2020,18.0686,59.3293,933792327416744,2020-03-09,False,,,2,2,0,0,1,1,0,False,2021-05-21,2021-05-23,0,,warning--roadworks--g3;object--street-light,
Stockholm,Europe,2020,18.0686,59.3293,217284606584174,2020-03-02,False,,,0,0,0,0,0,0,0,False,,,0,,,
Stockholm,Europe,2021,18.0686,59.3293,161258439267935,2021-03-01,False,,,0,0,0,0,0,0,0,False,,,0,,,
Stockholm,Europe,2021,18.0686,59.3293,342183683936364,2021-06-04,False,,,0,0,0,0,0,0,0,False,,,0,,,
Stockholm,Europe,2021,18.0686,59.3293,1134969363679160,2021-04-24,False,,,0,0,0,0,0,0,0,False,,,0,,,
Stockholm,Europe,2022,18.0686,59.3293,1097693287828333,2022-08-09,False,,,349,26,284,11,53,1,0,True,2022-08-10,2022-08-10,0,True,void--unlabeled;construction--flat--road;object--support--pole;construction--barrier--curb;construction--structure--building;nature--vegetation;construction--barrier--fence;construction--flat--sidewalk,
Stockholm,Europe,2022,18.0686,59.3293,490634609732531,2022-08-09,False,,,170,22,158,1,11,0,0,True,2022-08-10,2022-08-10,0,True,void--unlabeled;construction--flat--sidewalk;void--static;construction--structure--building;nature--vegetation;void--ground;construction--flat--pedestrian-area;void--dynamic,
Stockholm,Europe,2022,18.0686,59.3293,3118410255136900,2022-08-09,False,,,212,14,179,0,33,0,0,True,2022-08-10,2022-08-10,0,,void--unlabeled;construction--structure--building;nature--vegetation;object--support--pole;construction--barrier--wall;nature--sky;object--vehicle--boat;object--street-light,
Stockholm,Europe,2023,18.0686,59.3293,1841034209631617,2023-08-05,False,,,155,16,145,0,10,0,0,True,2023-08-06,2023-08-06,0,,void--unlabeled;construction--barrier--wall;construction--structure--building;construction--flat--sidewalk;construction--barrier--fence;construction--flat--road;construction--barrier--curb;void--static,
Stockholm,Europe,2023,18.0686,59.3293,947409223187139,2023-07-15,False,,,89,13,78,0,11,0,0,True,2023-07-16,2023-07-16,0,True,void--unlabeled;nature--water;nature--vegetation;object--vehicle--boat;construction--structure--bridge;nature--sky;construction--structure--building;void--ground,
Stockholm,Europe,2023,18.0686,59.3293,1416918115826518,2023-08-05,True,,,437,22,366,0,71,0,0,True,2023-08-06,2023-08-06,0,True,void--unlabeled;construction--flat--sidewalk;void--dynamic;human--person--individual;construction--flat--pedestrian-area;object--sign--store;construction--barrier--curb;construction--flat--road,
Stockholm,Europe,2024,18.0686,59.3293,906381314673645,2024-08-30,False,,,165,22,130,2,33,0,0,True,2024-08-31,2024-08-31,0,True,void--unlabeled;construction--structure--building;construction--flat--road;object--vehicle--car;object--traffic-sign--front;object--street-light;construction--flat--sidewalk;object--support--pole,
Stockholm,Europe,2024,18.0686,59.3293,2467030580157257,2024-08-04,False,,,339,16,301,0,38,0,0,True,2024-08-04,2024-08-04,0,,void--unlabeled;void--static;construction--structure--building;nature--terrain;construction--barrier--wall;nature--vegetation;human--person--individual;object--support--pole,
Stockholm,Europe,2024,18.0686,59.3293,373486205572045,2024-08-08,False,,,326,20,284,0,42,0,0,True,2024-08-10,2024-08-10,0,,void--unlabeled;void--dynamic;construction--structure--building;human--person--individual;construction--barrier--wall;construction--flat--pedestrian-area;object--support--pole;construction--barrier--fence,
Stockholm,Europe,2025,18.0686,59.3293,1050903283132943,2025-06-01,False,,,328,23,265,8,55,0,0,True,2025-06-01,2025-06-01,0,True,void--unlabeled;construction--structure--building;nature--vegetation;nature--sky;object--wire-group;object--street-light;construction--barrier--guard-rail;construction--flat--road,
Stockholm,Europe,2025,18.0686,59.3293,1640026530041809,2025-06-21,True,,,397,19,340,0,57,0,0,True,2025-06-22,2025-06-22,0,True,void--unlabeled;construction--structure--building;construction--flat--road;object--support--pole;nature--vegetation;object--street-light;void--static;construction--structure--bridge,
Stockholm,Europe,2025,18.0686,59.3293,1235829804940261,2025-06-21,False,,,176,19,137,11,28,0,0,True,2025-06-22,2025-06-22,0,True,void--unlabeled;object--street-light;construction--structure--building;construction--structure--tunnel;marking--continuous--solid;construction--barrier--wall;nature--vegetation;nature--sky,
Stockholm,Europe,2026,18.0686,59.3293,4522220094678975,2026-04-22,True,,,203,20,182,0,21,0,0,True,2026-04-22,2026-04-22,0,True,void--unlabeled;void--static;construction--flat--sidewalk;construction--structure--building;construction--flat--road;construction--flat--pedestrian-area;construction--barrier--wall;human--person--individual,
Stockholm,Europe,2026,18.0686,59.3293,989094284090602,2026-06-10,False,,,274,24,191,20,62,1,0,True,2026-06-11,2026-06-11,0,True,void--unlabeled;marking--continuous--dashed;construction--barrier--fence;object--support--pole;object--street-light;construction--structure--building;construction--flat--road;object--traffic-sign--front,
Stockholm,Europe,2026,18.0686,59.3293,957219910021317,2026-04-22,True,,,136,15,128,0,8,0,0,True,2026-04-22,2026-04-22,0,True,void--unlabeled;construction--flat--road;construction--flat--sidewalk;construction--flat--pedestrian-area;void--dynamic;construction--structure--building;void--ego-vehicle;void--static,
Warsaw,Europe,2014-2015,21.0122,52.2297,1367242223660644,2015-03-18,False,,,6,4,0,0,4,2,0,False,2021-05-19,2021-05-22,0,,object--street-light;object--traffic-light--general-upright;warning--trams-crossing--g1;regulatory--one-way-straight--g1,
Warsaw,Europe,2014-2015,21.0122,52.2297,1025748854500111,2014-09-26,False,,,12,9,0,1,9,2,0,False,2021-05-19,2021-05-24,0,,object--sign--store;object--traffic-light--pedestrians;object--traffic-light--general-upright;information--pedestrians-crossing--g1;regulatory--no-stopping--g1;marking--discrete--crosswalk-zebra;object--sign--advertisement;object--street-light,
Warsaw,Europe,2014-2015,21.0122,52.2297,149915910340321,2014-09-09,False,,,2,2,0,0,0,2,0,False,2021-05-19,2021-05-21,0,,regulatory--keep-right--g1;regulatory--no-right-turn--g1,
Warsaw,Europe,2016-2017,21.0122,52.2297,280323017073479,2017-02-27,False,,,5,5,0,0,2,3,0,False,2021-05-20,2021-05-22,0,,information--trail-crossing--g2;regulatory--priority-road--g1;regulatory--end-of-bicycles-only--g1;object--trash-can;object--street-light,
Warsaw,Europe,2016-2017,21.0122,52.2297,522931018738193,2016-10-06,False,,,1,1,0,0,1,0,0,False,2021-05-30,2021-05-30,0,,object--sign--advertisement,
Warsaw,Europe,2016-2017,21.0122,52.2297,1408080709555751,2016-08-13,False,,,1,1,0,0,0,1,0,False,2021-05-21,2021-05-21,0,,information--parking--g1,
Warsaw,Europe,2018,21.0122,52.2297,2922171108052915,2018-09-14,False,,,0,0,0,0,0,0,0,False,,,0,,,
Warsaw,Europe,2018,21.0122,52.2297,2880704695579286,2018-10-08,False,,,1,1,0,0,1,0,0,False,2021-05-22,2021-05-22,0,,object--support--utility-pole,
Warsaw,Europe,2018,21.0122,52.2297,257945836077425,2018-08-10,False,,,9,7,0,0,5,4,0,False,2021-05-27,2021-05-29,0,,object--sign--store;object--sign--advertisement;object--trash-can;information--trail-crossing--g2;information--pedestrians-crossing--g1;information--general-directions--g1;regulatory--priority-road--g1,
Warsaw,Europe,2019,21.0122,52.2297,488592712432595,2019-07-03,False,,,7,6,0,1,3,3,0,False,2021-05-21,2021-05-23,0,,object--street-light;regulatory--turn-left-ahead--g1;information--general-directions--g1;regulatory--go-straight-or-turn-right--g1;object--traffic-light--general-upright;marking--discrete--arrow--split-right-or-straight,
Warsaw,Europe,2019,21.0122,52.2297,2937733309808071,2019-12-14,False,,,3,3,0,0,2,1,0,False,2021-05-20,2021-05-22,0,,regulatory--priority-road--g1;object--manhole;object--street-light,
Warsaw,Europe,2019,21.0122,52.2297,529188734753833,2019-02-21,False,,,0,0,0,0,0,0,0,False,,,0,,,
Warsaw,Europe,2020,21.0122,52.2297,832404817685658,2020-11-19,False,,,20,10,0,1,16,3,0,False,2021-05-19,2021-05-22,0,,object--sign--advertisement;object--traffic-light--general-upright;object--traffic-light--pedestrians;information--pedestrians-crossing--g1;regulatory--priority-road--g1;object--traffic-light--cyclists;object--manhole;marking--discrete--crosswalk-zebra,
Warsaw,Europe,2020,21.0122,52.2297,516889062642395,2020-12-26,False,,,0,0,0,0,0,0,0,False,,,0,,,
Warsaw,Europe,2020,21.0122,52.2297,204478334679983,2020-06-25,False,,,7,2,0,5,2,0,0,False,2021-05-22,2021-05-22,0,,marking--discrete--crosswalk-zebra;object--sign--advertisement,
Warsaw,Europe,2021,21.0122,52.2297,935685480551230,2021-05-20,False,,,0,0,0,0,0,0,0,False,,,0,,,
Warsaw,Europe,2021,21.0122,52.2297,297373482137273,2021-05-11,False,,,0,0,0,0,0,0,0,False,,,0,,,
Warsaw,Europe,2021,21.0122,52.2297,310255197299698,2021-04-11,False,,,0,0,0,0,0,0,0,False,,,0,,,
Warsaw,Europe,2022,21.0122,52.2297,722126388873551,2022-07-13,False,,,303,22,253,15,35,0,0,True,2022-07-16,2022-07-16,0,True,void--unlabeled;construction--structure--building;nature--vegetation;construction--flat--sidewalk;construction--flat--road;void--static;marking--continuous--solid;object--support--pole,
Warsaw,Europe,2022,21.0122,52.2297,428777012505198,2022-07-15,False,,,455,26,322,50,83,0,0,True,2022-07-16,2022-07-16,0,True,void--unlabeled;marking--continuous--dashed;marking--continuous--solid;construction--structure--building;nature--vegetation;object--support--pole;construction--flat--road;object--wire-group,
Warsaw,Europe,2022,21.0122,52.2297,1740794606313043,2022-08-04,False,,,464,28,356,49,58,1,0,True,2022-08-06,2022-08-06,0,True,void--unlabeled;marking--continuous--solid;construction--flat--sidewalk;nature--vegetation;void--static;construction--structure--building;construction--flat--road;nature--sky,
Warsaw,Europe,2023,21.0122,52.2297,487860336753534,2023-01-15,False,,,245,18,208,0,35,2,0,True,2023-01-16,2023-01-16,0,True,void--unlabeled;construction--flat--parking;object--support--pole;construction--flat--road;object--vehicle--car;construction--flat--sidewalk;construction--barrier--fence;construction--structure--building,
Warsaw,Europe,2023,21.0122,52.2297,166854222739774,2023-01-19,False,,,780,29,631,55,94,0,0,True,2023-01-22,2023-01-22,0,True,void--unlabeled;construction--flat--road;construction--structure--building;void--static;marking--continuous--dashed;object--support--pole;construction--flat--sidewalk;construction--barrier--curb,
Warsaw,Europe,2023,21.0122,52.2297,129174043379703,2023-01-19,False,,,603,29,481,24,98,0,0,True,2023-01-22,2023-01-22,0,True,void--unlabeled;construction--structure--building;object--support--pole;construction--flat--sidewalk;construction--barrier--fence;construction--barrier--curb;nature--vegetation;marking--continuous--dashed,
Warsaw,Europe,2024,21.0122,52.2297,869971228472657,2024-09-03,False,,,206,16,179,1,25,1,0,True,2024-09-03,2024-09-03,0,True,void--unlabeled;construction--structure--building;void--static;nature--vegetation;object--vehicle--car;construction--flat--parking;object--support--pole;construction--flat--road,
Warsaw,Europe,2024,21.0122,52.2297,866354878390183,2024-09-04,False,,,175,19,136,0,39,0,0,True,2024-09-05,2024-09-05,0,,void--unlabeled;construction--structure--building;object--support--pole;object--street-light;object--sign--store;construction--barrier--fence;nature--terrain;nature--vegetation,
Warsaw,Europe,2024,21.0122,52.2297,1558307018426530,2024-09-03,False,,,436,24,379,19,38,0,0,True,2024-09-03,2024-09-03,0,True,void--unlabeled;construction--structure--building;construction--flat--road;construction--barrier--curb;construction--barrier--fence;construction--flat--rail-track;void--static;object--street-light,
Warsaw,Europe,2025,21.0122,52.2297,24675594002050506,2025-09-27,False,,,352,22,257,29,66,0,0,True,2025-09-28,2025-09-28,0,True,void--unlabeled;object--wire-group;construction--structure--building;nature--sky;object--street-light;construction--flat--road;marking--continuous--solid;nature--vegetation,
Warsaw,Europe,2025,21.0122,52.2297,4255969274635964,2025-09-27,False,,,630,32,516,16,95,3,0,True,2025-09-28,2025-09-28,0,True,void--unlabeled;object--support--pole;void--static;construction--flat--sidewalk;construction--structure--building;construction--flat--parking;construction--barrier--curb;construction--flat--road,
Warsaw,Europe,2025,21.0122,52.2297,602840389244577,2025-07-24,False,,,672,38,535,14,122,1,0,True,2025-07-25,2025-07-25,0,True,void--unlabeled;void--static;construction--structure--building;nature--sky;object--wire-group;nature--vegetation;object--street-light;object--support--pole,
Warsaw,Europe,2026,21.0122,52.2297,1378407044269631,2026-08-30,False,,,379,28,312,4,63,0,0,True,2026-08-31,2026-08-31,0,True,void--unlabeled;construction--structure--building;nature--sky;nature--vegetation;object--wire-group;object--support--pole;construction--barrier--curb;construction--flat--road,
Warsaw,Europe,2026,21.0122,52.2297,1199773665574923,2026-01-16,False,,,282,23,222,5,53,2,0,True,2026-01-16,2026-01-16,0,True,void--unlabeled;construction--structure--building;object--vehicle--car;object--support--pole;construction--flat--sidewalk;construction--flat--parking;construction--flat--road;object--traffic-sign--front,
Warsaw,Europe,2026,21.0122,52.2297,1081821184042463,2026-01-16,False,,,145,15,117,1,26,1,0,True,2026-01-16,2026-01-16,0,True,void--unlabeled;object--vehicle--car;object--support--pole;construction--flat--road;construction--structure--building;object--sign--store;object--street-light;object--traffic-sign--information-parking,
Rome,Europe,2014-2015,12.4964,41.9028,481185073088502,2015-04-26,False,,,198,17,179,0,18,1,0,True,2024-05-26,2024-05-26,0,True,void--unlabeled;construction--structure--building;nature--vegetation;construction--flat--road;object--vehicle--car;construction--barrier--curb;nature--sky;void--ego-vehicle,
Rome,Europe,2014-2015,12.4964,41.9028,1089078318242579,2015-03-13,False,,,330,19,278,0,52,0,0,True,2021-05-22,2024-05-26,0,True,void--unlabeled;nature--terrain;construction--flat--pedestrian-area;human--person--individual;construction--flat--road;construction--flat--sidewalk;nature--sky;nature--vegetation,
Rome,Europe,2014-2015,12.4964,41.9028,517018232656275,2015-03-13,False,,,154,17,136,0,18,0,0,True,2024-05-26,2024-05-26,0,True,void--unlabeled;construction--flat--pedestrian-area;nature--vegetation;construction--barrier--wall;human--person--individual;construction--structure--building;construction--flat--sidewalk;nature--terrain,
Rome,Europe,2016-2017,12.4964,41.9028,288600212817163,2017-01-14,False,,,233,13,231,0,2,0,0,True,2021-05-22,2024-05-26,0,True,construction--barrier--wall;construction--structure--building;construction--flat--sidewalk;nature--sky;construction--flat--road;void--ground;void--unlabeled;construction--structure--tunnel,
Rome,Europe,2016-2017,12.4964,41.9028,505621627137002,2017-01-14,False,,,345,11,326,0,19,0,0,True,2024-05-26,2024-05-26,0,True,void--unlabeled;construction--structure--building;construction--flat--sidewalk;construction--flat--road;nature--vegetation;human--person--individual;construction--flat--pedestrian-area;void--static,
Rome,Europe,2016-2017,12.4964,41.9028,793372137953606,2017-01-14,False,,,94,15,78,1,15,0,0,True,2021-05-22,2024-05-27,0,True,void--unlabeled;void--static;construction--structure--building;nature--vegetation;object--sign--store;construction--flat--road;nature--sky;construction--flat--sidewalk,
Rome,Europe,2018,12.4964,41.9028,986865402083306,2018-11-11,False,,,121,11,112,0,9,0,0,True,2021-05-22,2024-05-26,0,True,void--unlabeled;nature--terrain;construction--flat--road;nature--vegetation;construction--barrier--curb;construction--flat--sidewalk;void--ground;object--support--pole,
Rome,Europe,2018,12.4964,41.9028,215840679966675,2018-11-11,False,,,128,17,113,0,15,0,0,True,2024-05-26,2024-05-26,0,True,void--unlabeled;construction--structure--building;void--dynamic;construction--flat--sidewalk;human--person--individual;object--street-light;object--sign--store;object--support--pole,
Rome,Europe,2018,12.4964,41.9028,835698677369550,2018-11-11,False,,,164,19,134,1,28,1,0,True,2021-05-22,2024-05-26,0,True,void--unlabeled;object--support--pole;construction--structure--building;nature--vegetation;construction--flat--road;object--vehicle--car;object--traffic-sign--back;construction--barrier--curb,
Rome,Europe,2019,12.4964,41.9028,851084609088527,2019-03-06,False,,,322,23,283,2,36,1,0,True,2024-05-26,2024-05-26,0,True,void--unlabeled;construction--structure--building;nature--vegetation;construction--barrier--fence;void--static;construction--flat--road;construction--barrier--wall;object--support--pole,
Rome,Europe,2019,12.4964,41.9028,305662004362811,2019-04-11,False,,,311,18,306,1,4,0,0,True,2024-05-26,2024-05-26,0,,void--unlabeled;construction--flat--sidewalk;nature--snow;construction--barrier--wall;void--static;construction--flat--road;void--ground;construction--flat--pedestrian-area,
Rome,Europe,2019,12.4964,41.9028,1907879262709720,2019-04-11,False,,,132,14,126,0,6,0,0,True,2024-05-26,2024-05-26,0,True,void--unlabeled;nature--sky;construction--structure--building;nature--vegetation;construction--flat--road;construction--flat--sidewalk;construction--barrier--wall;void--ground,
Rome,Europe,2022,12.4964,41.9028,1639175936421349,2022-05-12,False,,,233,15,221,0,12,0,0,True,2022-05-13,2022-05-13,0,True,void--unlabeled;construction--barrier--wall;construction--structure--building;construction--barrier--fence;nature--vegetation;nature--sky;void--dynamic;construction--flat--sidewalk,
Rome,Europe,2022,12.4964,41.9028,986532598673979,2022-05-12,False,,,253,19,196,18,39,0,0,True,2022-05-12,2022-05-12,0,True,void--unlabeled;marking--continuous--solid;construction--flat--sidewalk;construction--structure--building;void--static;object--street-light;construction--barrier--curb;object--support--pole,
Rome,Europe,2022,12.4964,41.9028,319511233667879,2022-05-12,False,,,590,15,515,0,75,0,0,True,2022-05-13,2022-05-13,0,,void--unlabeled;construction--flat--pedestrian-area;void--static;void--dynamic;human--person--individual;construction--structure--building;construction--barrier--curb;object--street-light,
Rome,Europe,2023,12.4964,41.9028,603424298646422,2023-07-30,False,,,130,16,117,1,11,1,0,True,2023-07-30,2023-07-30,0,,void--unlabeled;nature--vegetation;construction--structure--building;object--support--pole;construction--flat--parking;construction--flat--road;construction--flat--sidewalk;object--sign--advertisement,
Rome,Europe,2023,12.4964,41.9028,1255202901836995,2023-07-30,False,,,134,11,125,0,9,0,0,True,2023-07-31,2023-07-31,0,True,void--unlabeled;construction--barrier--curb;nature--sky;nature--vegetation;construction--flat--sidewalk;construction--barrier--fence;construction--barrier--wall;object--vehicle--car,
Rome,Europe,2023,12.4964,41.9028,7252285278231046,2023-03-23,True,,,471,14,392,0,79,0,0,True,2024-03-23,2024-03-23,0,,void--unlabeled;human--person--individual;construction--flat--pedestrian-area;void--dynamic;void--static;construction--structure--building;nature--snow;object--support--pole,
Rome,Europe,2024,12.4964,41.9028,1084606952775110,2024-03-15,False,,,236,17,215,0,21,0,0,True,2024-03-16,2024-03-16,0,True,void--unlabeled;nature--terrain;construction--structure--building;construction--barrier--fence;nature--sky;construction--barrier--wall;nature--vegetation;void--static,
Rome,Europe,2024,12.4964,41.9028,387426387402585,2024-03-15,False,,,179,12,164,0,15,0,0,True,2024-03-16,2024-03-16,0,True,void--unlabeled;nature--terrain;nature--vegetation;void--static;construction--barrier--wall;construction--flat--road;human--person--individual;object--support--pole,
Rome,Europe,2024,12.4964,41.9028,323923850263908,2024-03-15,False,,,592,30,484,5,103,0,0,True,2024-03-16,2024-03-16,0,True,void--unlabeled;construction--structure--building;object--wire-group;construction--flat--road;nature--vegetation;object--support--pole;construction--barrier--curb;object--vehicle--car,
Rome,Europe,2025,12.4964,41.9028,1358484258695712,2025-04-21,True,,,401,20,353,1,47,0,0,True,2025-04-25,2025-04-25,0,True,void--unlabeled;void--static;construction--flat--road;construction--barrier--curb;construction--flat--sidewalk;construction--flat--pedestrian-area;construction--structure--building;object--support--pole,
Rome,Europe,2025,12.4964,41.9028,1219896689505869,2025-03-06,True,,,403,26,341,5,56,1,0,True,2025-03-08,2025-03-08,0,True,void--unlabeled;nature--vegetation;construction--flat--road;construction--barrier--curb;construction--flat--sidewalk;construction--structure--building;object--vehicle--car;object--support--pole,
Rome,Europe,2025,12.4964,41.9028,3052177951601705,2025-02-20,True,,,800,34,651,30,119,0,0,True,2025-02-24,2025-02-24,0,True,void--unlabeled;construction--flat--road;construction--flat--sidewalk;human--person--individual;construction--barrier--curb;void--static;marking--continuous--solid;construction--barrier--fence,
Rome,Europe,2026,12.4964,41.9028,1351795093769674,2026-06-03,False,,,370,24,306,7,56,1,0,True,2026-06-25,2026-06-25,0,True,void--unlabeled;construction--structure--building;void--static;construction--flat--sidewalk;construction--barrier--curb;nature--vegetation;object--support--pole;construction--barrier--wall,
Rome,Europe,2026,12.4964,41.9028,988030603840532,2026-06-06,False,,,174,14,165,0,9,0,0,True,2026-06-09,2026-06-09,0,,void--unlabeled;void--dynamic;construction--structure--building;void--static;construction--barrier--curb;construction--flat--parking;construction--flat--road;void--ground,
Rome,Europe,2026,12.4964,41.9028,1356360906351207,2026-06-06,False,,,139,16,123,4,12,0,0,True,2026-06-09,2026-06-09,0,True,void--unlabeled;construction--barrier--curb;construction--flat--pedestrian-area;construction--flat--road;construction--flat--sidewalk;marking--continuous--solid;construction--structure--building;human--person--individual,
Istanbul,Europe,2014-2015,28.9784,41.0082,295084302121342,2015-11-23,False,,,1,1,0,0,1,0,0,False,2021-05-22,2021-05-22,0,,object--street-light,
Istanbul,Europe,2014-2015,28.9784,41.0082,222714126280611,2015-11-23,False,,,0,0,0,0,0,0,0,False,,,0,,,
Istanbul,Europe,2014-2015,28.9784,41.0082,288911286206052,2015-11-23,False,,,1,1,0,0,1,0,0,False,2021-05-22,2021-05-22,0,,object--street-light,
Istanbul,Europe,2016-2017,28.9784,41.0082,140872824761181,2017-12-28,False,,,0,0,0,0,0,0,0,False,,,0,,,
Istanbul,Europe,2016-2017,28.9784,41.0082,393073125225457,2017-12-28,False,,,1,1,0,0,1,0,0,False,2021-05-27,2021-05-27,0,,object--support--pole,
Istanbul,Europe,2016-2017,28.9784,41.0082,462569718168392,2017-09-11,False,,,0,0,0,0,0,0,0,False,,,0,,,
Istanbul,Europe,2018,28.9784,41.0082,814657236115707,2018-06-03,False,,,1,1,0,0,1,0,0,False,2021-05-22,2021-05-22,0,,object--support--pole,
Istanbul,Europe,2018,28.9784,41.0082,947925872621969,2018-06-02,False,,,5,4,0,1,4,0,0,False,2021-05-22,2021-05-22,0,,object--street-light;object--bench;marking--discrete--crosswalk-zebra;object--support--pole,
Istanbul,Europe,2018,28.9784,41.0082,306218367787970,2018-06-02,False,,,2,1,0,0,2,0,0,False,2021-05-22,2021-05-22,0,,object--support--pole,
Istanbul,Europe,2019,28.9784,41.0082,757461321610566,2019-06-22,False,,,7,5,0,0,7,0,0,False,2021-05-22,2021-05-22,0,,object--street-light;object--sign--store;object--sign--advertisement;object--manhole;object--traffic-cone,
Istanbul,Europe,2019,28.9784,41.0082,476940576876063,2019-06-15,False,,,0,0,0,0,0,0,0,False,,,0,,,
Istanbul,Europe,2019,28.9784,41.0082,471269217298736,2019-01-04,False,,,2,2,0,0,1,1,0,False,2021-05-28,2021-05-28,0,,object--support--utility-pole;regulatory--no-entry--g1,
Istanbul,Europe,2020,28.9784,41.0082,850186145895989,2020-06-09,False,,,2,2,0,0,2,0,0,False,2021-05-22,2021-05-22,0,,object--sign--advertisement;object--support--utility-pole,
Istanbul,Europe,2020,28.9784,41.0082,507005610336610,2020-02-21,False,,,0,0,0,0,0,0,0,False,,,0,,,
Istanbul,Europe,2020,28.9784,41.0082,942091783000964,2020-07-29,False,,,0,0,0,0,0,0,0,False,,,0,,,
Istanbul,Europe,2021,28.9784,41.0082,128074296221191,2021-09-03,True,,,338,25,281,0,56,1,0,True,2021-09-03,2021-09-03,0,True,void--unlabeled;void--static;nature--vegetation;construction--barrier--curb;construction--flat--sidewalk;void--ego-vehicle;object--vehicle--car;construction--structure--building,
Istanbul,Europe,2021,28.9784,41.0082,4232355973453153,2021-05-01,False,,,134,11,131,0,3,0,0,True,2021-09-02,2021-09-02,0,True,construction--flat--pedestrian-area;construction--flat--sidewalk;construction--structure--building;void--unlabeled;construction--flat--road;void--dynamic;nature--sky;nature--vegetation,
Istanbul,Europe,2021,28.9784,41.0082,580258543160349,2021-09-03,True,,,515,22,441,0,74,0,0,True,2021-09-03,2021-09-03,0,True,void--unlabeled;void--dynamic;void--static;construction--flat--road;construction--structure--building;human--person--individual;construction--barrier--curb;construction--flat--sidewalk,
Istanbul,Europe,2022,28.9784,41.0082,1919745354891065,2022-08-23,False,,,341,13,309,0,32,0,0,True,2022-08-23,2022-08-23,0,True,void--unlabeled;void--dynamic;construction--structure--building;construction--flat--pedestrian-area;construction--flat--road;human--person--individual;object--wire-group;void--ground,
Istanbul,Europe,2022,28.9784,41.0082,607021094236695,2022-08-31,False,,,126,17,118,0,8,0,0,True,2022-09-03,2022-09-03,0,True,void--unlabeled;void--ground;construction--structure--bridge;construction--structure--building;nature--sky;void--static;construction--flat--sidewalk;nature--vegetation,
Istanbul,Europe,2022,28.9784,41.0082,763023404916146,2022-08-23,False,,,344,17,306,0,38,0,0,True,2022-08-23,2022-08-23,0,True,void--unlabeled;construction--structure--building;construction--barrier--fence;construction--flat--road;human--person--individual;construction--flat--pedestrian-area;nature--terrain;nature--vegetation,
Istanbul,Europe,2023,28.9784,41.0082,221443827529412,2023-08-14,False,,,675,16,557,34,84,0,0,True,2023-08-15,2023-08-15,0,,void--unlabeled;human--person--individual;nature--vegetation;marking--continuous--solid;construction--structure--building;construction--flat--pedestrian-area;construction--barrier--wall;void--dynamic,
Istanbul,Europe,2023,28.9784,41.0082,130384463461366,2023-08-14,False,,,367,15,321,0,46,0,0,True,2023-08-15,2023-08-15,0,,void--unlabeled;void--dynamic;human--person--individual;construction--flat--pedestrian-area;construction--flat--sidewalk;nature--vegetation;construction--structure--building;nature--sky,
Istanbul,Europe,2023,28.9784,41.0082,232542689279666,2023-08-14,False,,,546,16,443,27,76,0,0,True,2023-08-15,2023-08-15,0,True,void--unlabeled;construction--structure--building;human--person--individual;nature--vegetation;marking--continuous--solid;construction--flat--road;construction--flat--pedestrian-area;object--street-light,
Istanbul,Europe,2024,28.9784,41.0082,1675695056294984,2024-03-26,False,,,501,19,444,0,57,0,0,True,2024-04-07,2024-04-07,0,True,void--unlabeled;construction--barrier--wall;construction--flat--pedestrian-area;construction--structure--building;construction--barrier--fence;void--static;void--ground;nature--vegetation,
Istanbul,Europe,2024,28.9784,41.0082,356676626745141,2024-03-11,False,,,481,20,456,0,25,0,0,True,2024-04-04,2024-04-04,0,,void--unlabeled;construction--flat--sidewalk;construction--flat--pedestrian-area;construction--structure--building;construction--flat--road;construction--barrier--wall;nature--vegetation;construction--barrier--curb,
Istanbul,Europe,2024,28.9784,41.0082,790979372574617,2024-03-27,False,,,336,16,336,0,0,0,0,True,2024-04-07,2024-04-07,0,True,construction--structure--building;nature--vegetation;void--ground;construction--barrier--wall;construction--flat--road;void--unlabeled;nature--terrain;void--ego-vehicle,
Istanbul,Europe,2025,28.9784,41.0082,1321343769686383,2025-08-15,False,,,759,22,648,53,58,0,0,True,2025-10-17,2025-10-17,0,True,void--unlabeled;construction--flat--road;construction--flat--pedestrian-area;marking--continuous--solid;void--static;human--person--individual;construction--structure--building;void--dynamic,
Istanbul,Europe,2025,28.9784,41.0082,1263959338838195,2025-08-15,False,,,334,23,261,0,73,0,0,True,2025-10-17,2025-10-17,0,True,void--unlabeled;object--wire-group;construction--structure--building;construction--flat--road;construction--flat--sidewalk;nature--vegetation;void--dynamic;void--static,
Istanbul,Europe,2025,28.9784,41.0082,1353890373001965,2025-08-15,False,,,438,22,382,0,56,0,0,True,2025-10-17,2025-10-17,0,,void--unlabeled;construction--structure--building;void--dynamic;human--person--individual;construction--flat--pedestrian-area;construction--barrier--fence;nature--vegetation;void--static,
Cairo,Africa,2016-2017,31.2357,30.0444,459192248518235,2017-09-13,False,,,0,0,0,0,0,0,0,False,,,0,,,
Cairo,Africa,2016-2017,31.2357,30.0444,1014804845591414,2017-07-21,False,,,4,1,0,0,4,0,0,False,2021-05-22,2021-05-22,0,,object--sign--advertisement,
Cairo,Africa,2016-2017,31.2357,30.0444,173114418036660,2017-09-13,False,,,3,1,0,0,3,0,0,False,2021-05-22,2021-05-22,0,,object--sign--advertisement,
Cairo,Africa,2018,31.2357,30.0444,492218715231554,2018-08-11,False,,,0,0,0,0,0,0,0,False,,,0,,,
Cairo,Africa,2018,31.2357,30.0444,1025085474691958,2018-08-23,False,,,1,1,0,0,1,0,0,False,2021-05-22,2021-05-22,0,,object--sign--advertisement,
Cairo,Africa,2018,31.2357,30.0444,276067980926414,2018-08-11,False,,,0,0,0,0,0,0,0,False,,,0,,,
Cairo,Africa,2019,31.2357,30.0444,1393127701061598,2019-12-27,False,,,1,1,0,0,1,0,0,False,2021-05-22,2021-05-22,0,,object--traffic-light--general-upright,
Cairo,Africa,2019,31.2357,30.0444,819669142088687,2019-12-27,False,,,2,1,0,0,2,0,0,False,2021-05-22,2021-05-22,0,,object--sign--advertisement,
Cairo,Africa,2019,31.2357,30.0444,880571646136282,2019-12-21,False,,,2,2,0,0,2,0,0,False,2021-05-22,2021-05-22,0,,object--sign--store;object--street-light,
Cairo,Africa,2020,31.2357,30.0444,501093924376170,2020-01-02,False,,,0,0,0,0,0,0,0,False,,,0,,,
Cairo,Africa,2020,31.2357,30.0444,291032436075098,2020-01-02,False,,,0,0,0,0,0,0,0,False,,,0,,,
Cairo,Africa,2020,31.2357,30.0444,297327452013130,2020-01-02,False,,,4,1,0,0,4,0,0,False,2021-05-22,2021-05-23,0,,object--sign--advertisement,
Cairo,Africa,2021,31.2357,30.0444,316420143355460,2021-02-12,False,,,0,0,0,0,0,0,0,False,,,0,,,
Cairo,Africa,2021,31.2357,30.0444,198867765479784,2021-05-28,False,,,421,22,353,0,68,0,0,True,2021-09-03,2021-09-03,0,True,void--unlabeled;nature--vegetation;void--static;construction--structure--building;object--support--pole;object--street-light;construction--barrier--fence;object--vehicle--car,
Cairo,Africa,2021,31.2357,30.0444,513461753330438,2021-02-12,False,,,0,0,0,0,0,0,0,False,,,0,,,
Cairo,Africa,2023,31.2357,30.0444,1291426451449559,2023-04-04,False,,,339,16,265,0,74,0,0,True,2023-04-25,2023-04-25,0,,void--unlabeled;construction--structure--building;object--support--pole;nature--vegetation;construction--structure--bridge;object--street-light;construction--barrier--wall;object--sign--advertisement,
Cairo,Africa,2024,31.2357,30.0444,536229938900011,2024-02-05,False,,,219,18,192,2,25,0,0,True,2024-09-23,2024-09-23,0,True,void--unlabeled;construction--structure--building;nature--sky;object--sign--advertisement;construction--barrier--wall;construction--barrier--concrete-block;object--support--pole;construction--barrier--fence,
Cairo,Africa,2024,31.2357,30.0444,527926776490843,2024-02-05,False,,,163,16,124,0,39,0,0,True,2024-09-23,2024-09-23,0,True,void--unlabeled;construction--structure--building;object--street-light;nature--vegetation;object--wire-group;object--support--pole;object--vehicle--car;nature--sky,
Cairo,Africa,2024,31.2357,30.0444,1177995129924822,2024-02-05,False,,,160,18,140,0,20,0,0,True,2024-09-23,2024-09-23,0,True,void--unlabeled;construction--structure--building;construction--flat--sidewalk;nature--sky;construction--barrier--wall;object--vehicle--car;object--support--pole;nature--vegetation,
Cairo,Africa,2025,31.2357,30.0444,1202139418712916,2025-12-10,False,,,407,19,363,0,44,0,0,True,2025-12-16,2025-12-16,0,True,void--unlabeled;void--dynamic;construction--structure--building;human--person--individual;nature--vegetation;construction--flat--road;void--ground;construction--flat--sidewalk,
Cairo,Africa,2025,31.2357,30.0444,727421469952635,2025-12-10,False,,,548,22,499,0,49,0,0,True,2025-12-16,2025-12-16,0,True,void--unlabeled;void--dynamic;void--static;construction--structure--building;construction--flat--road;human--person--individual;void--ground;construction--flat--pedestrian-area,
Cairo,Africa,2025,31.2357,30.0444,2812838849067725,2025-12-10,False,,,530,23,480,0,50,0,0,True,2025-12-16,2025-12-16,0,True,void--unlabeled;void--dynamic;void--static;construction--structure--building;human--person--individual;construction--flat--road;nature--vegetation;void--ground,
Casablanca,Africa,2018,-7.5898,33.5731,1421539581545953,2018-04-13,False,,,0,0,0,0,0,0,0,False,,,0,,,
Casablanca,Africa,2018,-7.5898,33.5731,1369857786732528,2018-04-13,False,,,9,5,0,0,9,0,0,False,2021-05-22,2021-05-22,0,,object--sign--store;object--manhole;object--support--pole;object--junction-box;object--support--utility-pole,
Casablanca,Africa,2018,-7.5898,33.5731,802116967367638,2018-04-13,False,,,3,3,0,0,3,0,0,False,2021-05-22,2021-05-22,0,,object--junction-box;object--sign--store;object--support--pole,
Casablanca,Africa,2019,-7.5898,33.5731,133026192146099,2019-03-11,False,,,1,1,0,0,1,0,0,False,2021-05-22,2021-05-22,0,,object--sign--advertisement,
Casablanca,Africa,2019,-7.5898,33.5731,799380984026532,2019-03-11,False,,,0,0,0,0,0,0,0,False,,,0,,,
Casablanca,Africa,2019,-7.5898,33.5731,133613712085949,2019-03-11,False,,,0,0,0,0,0,0,0,False,,,0,,,
Lagos,Africa,2016-2017,3.3792,6.5244,931269974326705,2017-12-03,False,,,9,3,0,0,9,0,0,False,2021-05-22,2021-05-22,0,,object--support--pole;object--support--utility-pole;object--sign--store,
Lagos,Africa,2016-2017,3.3792,6.5244,160541992660100,2017-12-07,False,,,5,2,0,0,5,0,0,False,2021-05-22,2021-05-22,0,,object--support--pole;object--support--utility-pole,
Lagos,Africa,2016-2017,3.3792,6.5244,1630497623802804,2017-12-07,False,,,10,4,0,0,9,1,0,False,2021-05-21,2021-05-22,0,,object--support--pole;object--support--utility-pole;information--general-directions--g1;object--street-light,
Lagos,Africa,2018,3.3792,6.5244,1151357202044169,2018-09-21,False,,,2,2,0,0,2,0,0,False,2021-05-22,2021-05-22,0,,object--banner;object--support--pole,
Lagos,Africa,2018,3.3792,6.5244,133853382112097,2018-09-23,False,,,0,0,0,0,0,0,0,False,,,0,,,
Lagos,Africa,2018,3.3792,6.5244,892080721647726,2018-09-25,False,,,0,0,0,0,0,0,0,False,,,0,,,
Lagos,Africa,2023,3.3792,6.5244,347868741146990,2023-10-28,False,,,146,16,111,0,35,0,0,True,2023-10-28,2023-10-28,0,True,void--unlabeled;object--wire-group;nature--sky;nature--vegetation;construction--barrier--curb;object--support--utility-pole;construction--structure--building;void--static,
Lagos,Africa,2023,3.3792,6.5244,1398885024047871,2023-10-28,False,,,585,25,478,0,107,0,0,True,2023-10-28,2023-10-28,0,True,void--unlabeled;object--wire-group;nature--sky;construction--structure--building;void--static;void--ground;object--support--utility-pole;nature--vegetation,
Lagos,Africa,2023,3.3792,6.5244,839398534327815,2023-10-28,False,,,673,29,543,0,130,0,0,True,2023-10-28,2023-10-28,0,True,void--unlabeled;construction--structure--building;void--static;construction--flat--road;object--vehicle--car;object--support--pole;construction--barrier--curb;construction--barrier--wall,
Lagos,Africa,2024,3.3792,6.5244,3052397548241723,2024-10-08,False,,,290,17,257,0,33,0,0,True,2024-10-09,2024-10-09,0,True,void--unlabeled;construction--structure--building;nature--vegetation;void--static;construction--barrier--wall;nature--sky;object--wire-group;void--ground,
Lagos,Africa,2024,3.3792,6.5244,1578367169722574,2024-10-08,False,,,596,23,501,0,95,0,0,True,2024-10-10,2024-10-10,0,True,void--unlabeled;construction--structure--building;nature--vegetation;nature--sky;object--wire-group;void--static;nature--terrain;void--ground,
Lagos,Africa,2024,3.3792,6.5244,1609614813298926,2024-10-08,False,,,223,20,191,0,32,0,0,True,2024-10-09,2024-10-09,0,True,void--unlabeled;nature--vegetation;void--static;nature--sky;construction--structure--building;object--wire-group;void--dynamic;void--ground,
Lagos,Africa,2025,3.3792,6.5244,1361350318191171,2025-01-21,False,,,320,19,261,0,59,0,0,True,2025-01-27,2025-01-27,0,True,void--unlabeled;construction--structure--building;nature--sky;object--wire-group;construction--flat--sidewalk;void--dynamic;human--person--individual;nature--vegetation,
Lagos,Africa,2025,3.3792,6.5244,595448776533213,2025-01-18,False,,,236,16,190,0,46,0,0,True,2025-01-25,2025-01-25,0,True,void--unlabeled;object--wire-group;construction--structure--building;nature--sky;nature--vegetation;object--support--utility-pole;object--vehicle--other-vehicle;void--static,
Lagos,Africa,2025,3.3792,6.5244,4043702192530436,2025-01-22,False,,,352,21,292,0,60,0,0,True,2025-01-28,2025-01-28,0,True,void--unlabeled;object--wire-group;void--dynamic;nature--sky;nature--vegetation;construction--structure--building;void--static;void--ground,
Nairobi,Africa,2014-2015,36.8219,-1.2921,456332002326863,2015-07-22,False,,,1,1,0,0,1,0,0,False,2021-05-22,2021-05-22,0,,object--support--pole,
Nairobi,Africa,2014-2015,36.8219,-1.2921,515229129475341,2015-09-12,False,,,0,0,0,0,0,0,0,False,,,0,,,
Nairobi,Africa,2014-2015,36.8219,-1.2921,471728320804372,2015-07-22,False,,,1,1,0,0,1,0,0,False,2021-05-22,2021-05-22,0,,object--support--pole,
Nairobi,Africa,2016-2017,36.8219,-1.2921,415926412815994,2017-07-23,False,,,0,0,0,0,0,0,0,False,,,0,,,
Nairobi,Africa,2016-2017,36.8219,-1.2921,1342871852773908,2017-08-01,False,,,0,0,0,0,0,0,0,False,,,0,,,
Nairobi,Africa,2016-2017,36.8219,-1.2921,373014794081190,2017-12-11,False,,,5,3,0,0,4,1,0,False,2021-05-21,2021-05-22,0,,object--sign--store;regulatory--maximum-speed-limit-50--g1;object--traffic-light--general-upright,
Nairobi,Africa,2018,36.8219,-1.2921,310976683803064,2018-07-15,False,,,0,0,0,0,0,0,0,False,,,0,,,
Nairobi,Africa,2018,36.8219,-1.2921,327784872028604,2018-07-15,False,,,0,0,0,0,0,0,0,False,,,0,,,
Nairobi,Africa,2018,36.8219,-1.2921,2902862973292415,2018-07-28,False,,,5,3,0,0,5,0,0,False,2021-05-22,2021-05-22,0,,object--street-light;object--support--pole;object--sign--advertisement,
Nairobi,Africa,2019,36.8219,-1.2921,465725681350029,2019-03-01,False,,,1,1,0,0,1,0,0,False,2021-05-22,2021-05-22,0,,object--support--utility-pole,
Nairobi,Africa,2019,36.8219,-1.2921,317472963208139,2019-03-01,False,,,1,1,0,0,1,0,0,False,2021-05-22,2021-05-22,0,,object--support--utility-pole,
Nairobi,Africa,2020,36.8219,-1.2921,175343217822128,2020-08-01,False,,,1,1,0,0,0,1,0,False,2021-05-20,2021-05-20,0,,regulatory--yield--g1,
Nairobi,Africa,2020,36.8219,-1.2921,554567385530008,2020-08-01,False,,,0,0,0,0,0,0,0,False,,,0,,,
Nairobi,Africa,2020,36.8219,-1.2921,587294648838448,2020-08-01,False,,,3,2,0,0,3,0,0,False,2021-05-22,2021-05-22,0,,object--sign--advertisement;object--support--utility-pole,
Nairobi,Africa,2023,36.8219,-1.2921,772469004294548,2023-02-05,False,,,81,10,65,0,16,0,0,True,2023-03-15,2023-03-15,0,,void--unlabeled;nature--sky;nature--vegetation;object--wire-group;construction--barrier--wall;construction--flat--sidewalk;void--ground;construction--structure--building,
Nairobi,Africa,2023,36.8219,-1.2921,1264876227799722,2023-02-09,False,,,137,13,124,0,13,0,0,True,2023-03-15,2023-03-15,0,True,void--unlabeled;construction--flat--road;construction--structure--building;nature--sky;nature--vegetation;construction--flat--parking;object--support--pole;construction--structure--bridge,
Nairobi,Africa,2023,36.8219,-1.2921,202712652360176,2023-02-11,False,,,240,21,208,0,32,0,0,True,2023-03-15,2023-03-15,0,True,void--unlabeled;construction--structure--building;nature--sky;construction--structure--bridge;object--street-light;object--support--pole;construction--barrier--wall;nature--vegetation,
Nairobi,Africa,2024,36.8219,-1.2921,380508015109236,2024-09-06,True,,,259,21,239,0,20,0,0,True,2024-09-11,2024-09-11,0,True,void--unlabeled;construction--barrier--concrete-block;void--static;construction--structure--building;construction--barrier--fence;void--ego-vehicle;construction--flat--road;nature--water,
Nairobi,Africa,2024,36.8219,-1.2921,1278100463392591,2024-12-11,False,,,175,5,175,0,0,0,0,True,2024-12-13,2024-12-13,0,True,nature--vegetation;construction--flat--road;nature--sky;void--ego-vehicle;void--unlabeled,
Nairobi,Africa,2024,36.8219,-1.2921,823345873288615,2024-09-07,False,,,122,15,114,1,7,0,0,True,2024-09-07,2024-09-07,0,,void--unlabeled;void--ground;void--static;construction--structure--building;nature--terrain;construction--flat--road;construction--barrier--curb;nature--vegetation,
Nairobi,Africa,2025,36.8219,-1.2921,1299215955198161,2025-08-04,False,,,87,15,79,0,8,0,0,True,2025-08-05,2025-08-05,0,,void--unlabeled;void--static;construction--flat--pedestrian-area;construction--structure--building;nature--terrain;nature--vegetation;construction--barrier--fence;object--vehicle--car,
Nairobi,Africa,2025,36.8219,-1.2921,1504233838085409,2025-09-25,True,,,308,21,251,0,57,0,0,True,2026-01-29,2026-01-29,0,True,void--unlabeled;construction--barrier--fence;nature--vegetation;object--wire-group;nature--sky;nature--terrain;object--support--pole;construction--barrier--wall,
Nairobi,Africa,2025,36.8219,-1.2921,1177358077781875,2025-09-25,True,,,317,25,260,0,57,0,0,True,2025-10-16,2025-10-16,0,True,void--unlabeled;nature--vegetation;construction--barrier--fence;construction--structure--building;void--static;object--support--pole;nature--sky;object--wire-group,
Nairobi,Africa,2026,36.8219,-1.2921,1266520518747592,2026-02-22,True,,,262,23,205,26,31,0,0,True,2026-02-22,2026-02-22,0,True,void--unlabeled;construction--flat--road;construction--structure--building;marking--continuous--dashed;construction--barrier--wall;marking--continuous--solid;nature--vegetation;void--ego-vehicle,
Nairobi,Africa,2026,36.8219,-1.2921,1861348211143163,2026-01-25,True,,,953,17,856,0,97,0,0,True,2026-01-31,2026-01-31,0,True,void--unlabeled;void--static;human--person--individual;nature--water;construction--flat--road;construction--barrier--wall;void--dynamic;nature--terrain,
Nairobi,Africa,2026,36.8219,-1.2921,882082231276632,2026-01-25,True,,,738,16,653,0,85,0,0,True,2026-01-31,2026-01-31,0,True,void--unlabeled;void--static;human--person--individual;nature--terrain;void--dynamic;construction--flat--road;void--ground;construction--structure--building,
Johannesburg,Africa,2016-2017,28.0473,-26.2041,299908765105294,2017-09-10,False,,,1,1,0,0,1,0,0,False,2021-05-22,2021-05-22,0,,object--support--pole,
Johannesburg,Africa,2016-2017,28.0473,-26.2041,1344306589273681,2017-09-10,False,,,0,0,0,0,0,0,0,False,,,0,,,
Johannesburg,Africa,2018,28.0473,-26.2041,955869278556853,2018-06-30,False,,,1,1,0,0,1,0,0,False,2021-05-22,2021-05-22,0,,object--sign--store,
Johannesburg,Africa,2018,28.0473,-26.2041,836822800246707,2018-06-30,False,,,0,0,0,0,0,0,0,False,,,0,,,
Johannesburg,Africa,2018,28.0473,-26.2041,224995572330710,2018-06-30,False,,,7,5,0,0,6,0,1,False,2021-05-21,2021-05-23,0,,object--support--pole;object--manhole;general--traffic-sign--g1;object--traffic-light--general-upright;object--traffic-light--pedestrians,
Johannesburg,Africa,2024,28.0473,-26.2041,1046593153105606,2024-04-05,False,,,255,9,255,0,0,0,0,True,2024-04-05,2024-04-05,0,True,nature--sky;construction--flat--road;nature--vegetation;construction--flat--sidewalk;nature--mountain;void--unlabeled;construction--structure--building;construction--barrier--wall,
Johannesburg,Africa,2024,28.0473,-26.2041,405268418884203,2024-04-05,False,,,70,8,70,0,0,0,0,True,2024-04-05,2024-04-05,0,,construction--flat--road;construction--structure--building;construction--flat--sidewalk;construction--barrier--wall;construction--barrier--fence;void--ground;void--unlabeled;construction--structure--bridge,
Johannesburg,Africa,2024,28.0473,-26.2041,3719511904991201,2024-04-05,False,,,155,9,155,0,0,0,0,True,2024-04-05,2024-04-05,0,True,nature--sky;nature--vegetation;construction--flat--road;nature--mountain;construction--structure--tunnel;void--car-mount;void--ego-vehicle;construction--structure--building,
Johannesburg,Africa,2025,28.0473,-26.2041,588355680400624,2025-03-05,True,,,715,24,605,44,66,0,0,True,2025-05-21,2025-05-21,0,True,void--unlabeled;nature--vegetation;construction--flat--road;marking--continuous--solid;nature--terrain;object--support--pole;construction--barrier--guard-rail;construction--structure--bridge,
Johannesburg,Africa,2025,28.0473,-26.2041,2442576452769859,2025-03-05,True,,,468,18,385,1,82,0,0,True,2025-05-22,2025-05-22,0,True,void--unlabeled;construction--structure--building;construction--flat--road;object--vehicle--car;object--support--pole;object--street-light;void--ego-vehicle;nature--vegetation,
Johannesburg,Africa,2025,28.0473,-26.2041,1689099798433448,2025-09-04,False,,,92,11,91,0,1,0,0,True,2025-09-04,2025-09-04,0,,void--unlabeled;void--ground;construction--flat--sidewalk;construction--flat--road;construction--structure--building;construction--barrier--curb;construction--flat--curb-cut;construction--barrier--fence,
Dubai,Asia,2014-2015,55.2708,25.2048,685470187883225,2015-11-11,False,,,42,7,41,1,0,0,0,True,2025-08-19,2025-08-19,0,True,construction--flat--road;nature--sky;nature--snow;nature--vegetation;construction--structure--building;void--unlabeled;marking--continuous--solid,
Dubai,Asia,2014-2015,55.2708,25.2048,1981265535966367,2015-11-11,False,,,161,10,161,0,0,0,0,True,2025-08-19,2025-08-19,0,True,void--static;void--ground;construction--structure--building;construction--flat--sidewalk;construction--flat--road;void--ego-vehicle;void--unlabeled;construction--barrier--fence,
Dubai,Asia,2014-2015,55.2708,25.2048,1311002144031012,2015-11-11,False,,,128,14,121,0,7,0,0,True,2025-08-19,2025-08-19,0,True,void--unlabeled;construction--structure--building;nature--vegetation;construction--flat--road;nature--sky;nature--water;construction--barrier--curb;construction--barrier--fence,
Dubai,Asia,2016-2017,55.2708,25.2048,510134446652874,2017-06-02,False,,,5,3,0,0,3,2,0,False,2021-05-21,2021-05-22,0,,regulatory--keep-right--g1;object--junction-box;object--sign--advertisement,
Dubai,Asia,2016-2017,55.2708,25.2048,527742114892514,2017-06-02,False,,,0,0,0,0,0,0,0,False,,,0,,,
Dubai,Asia,2016-2017,55.2708,25.2048,212177290369520,2016-07-22,False,,,0,0,0,0,0,0,0,False,,,0,,,
Dubai,Asia,2018,55.2708,25.2048,379414400148424,2018-08-30,True,,,1,1,0,0,1,0,0,False,2021-05-27,2021-05-27,0,,object--street-light,
Dubai,Asia,2018,55.2708,25.2048,583828343010151,2018-08-10,False,,,0,0,0,0,0,0,0,False,,,0,,,
Dubai,Asia,2018,55.2708,25.2048,767920027240173,2018-12-07,True,,,0,0,0,0,0,0,0,False,,,0,,,
Dubai,Asia,2019,55.2708,25.2048,159246176212654,2019-09-20,False,,,0,0,0,0,0,0,0,False,,,0,,,
Dubai,Asia,2019,55.2708,25.2048,860382417891383,2019-06-14,False,,,4,3,0,0,4,0,0,False,2021-05-22,2021-05-22,0,,object--support--pole;object--street-light;object--sign--store,
Dubai,Asia,2019,55.2708,25.2048,517790432927936,2019-06-14,False,,,2,2,0,1,1,0,0,False,2021-05-22,2021-05-22,0,,object--support--pole;marking--discrete--arrow--straight,
Dubai,Asia,2020,55.2708,25.2048,493491621702677,2020-06-13,False,,,10,9,0,0,5,5,0,False,2021-05-19,2021-05-22,0,,object--traffic-light--general-upright;regulatory--no-u-turn--g1;regulatory--yield--g1;regulatory--maximum-speed-limit-40--g1;information--general-directions--g1;regulatory--no-left-turn--g1;object--traffic-light--pedestrians;object--banner,
Dubai,Asia,2020,55.2708,25.2048,371789274258122,2020-06-12,False,,,4,2,0,0,0,4,0,False,2021-05-19,2021-05-22,0,,information--general-directions--g1;information--parking--g1,
Dubai,Asia,2020,55.2708,25.2048,171504374889658,2020-06-07,False,,,1,1,0,0,0,1,0,False,2021-05-19,2021-05-19,0,,regulatory--pass-on-either-side--g1,
Dubai,Asia,2021,55.2708,25.2048,851622882118447,2021-06-18,False,,,220,18,190,0,30,0,0,True,2021-06-18,2021-06-18,0,,void--unlabeled;void--static;construction--structure--building;object--support--pole;construction--flat--sidewalk;construction--flat--pedestrian-area;nature--terrain;void--ground,
Dubai,Asia,2021,55.2708,25.2048,826770804901431,2021-07-17,False,,,380,21,288,27,65,0,0,True,2021-07-18,2021-07-18,0,True,void--unlabeled;construction--structure--building;object--street-light;marking--continuous--solid;object--support--pole;nature--vegetation;object--vehicle--car;construction--barrier--fence,
Dubai,Asia,2021,55.2708,25.2048,293716222539088,2021-07-16,False,,,383,29,281,25,74,3,0,True,2021-07-16,2021-07-16,0,True,void--unlabeled;construction--barrier--wall;construction--structure--building;object--street-light;object--support--pole;construction--structure--bridge;marking--continuous--dashed;construction--flat--road,
Dubai,Asia,2022,55.2708,25.2048,393697052566038,2022-06-23,False,,,437,23,342,14,81,0,0,True,2022-06-23,2022-06-23,0,True,void--unlabeled;object--support--pole;construction--flat--road;construction--barrier--curb;nature--vegetation;construction--flat--sidewalk;construction--structure--building;object--vehicle--car,
Dubai,Asia,2022,55.2708,25.2048,3308318732784181,2022-06-23,False,,,106,14,101,0,5,0,0,True,2022-06-23,2022-06-23,0,,void--unlabeled;void--static;construction--barrier--curb;construction--flat--road;void--dynamic;construction--structure--building;void--ground;nature--vegetation,
Dubai,Asia,2022,55.2708,25.2048,1049614408990083,2022-06-11,False,,,684,34,554,26,102,2,0,True,2022-06-11,2022-06-11,0,True,void--unlabeled;construction--structure--building;construction--flat--road;construction--barrier--curb;object--support--pole;nature--vegetation;marking--continuous--solid;object--vehicle--car,
Dubai,Asia,2023,55.2708,25.2048,288042450298774,2023-07-14,False,,,265,22,203,7,54,1,0,True,2023-07-14,2023-07-14,0,True,void--unlabeled;construction--structure--building;object--street-light;object--support--pole;nature--vegetation;construction--flat--road;object--sign--store;nature--sky,
Dubai,Asia,2023,55.2708,25.2048,1687447178399479,2023-11-19,False,,,113,15,93,1,19,0,0,True,2023-11-20,2023-11-20,0,True,void--unlabeled;construction--structure--building;object--street-light;nature--sky;object--support--pole;nature--vegetation;object--traffic-sign--direction-front;construction--barrier--concrete-block,
Dubai,Asia,2023,55.2708,25.2048,1527349987863361,2023-07-14,False,,,443,24,393,5,44,1,0,True,2023-07-14,2023-07-14,0,True,void--unlabeled;construction--structure--building;nature--vegetation;void--static;object--vehicle--car;object--support--pole;construction--flat--traffic-island;construction--flat--road,
Dubai,Asia,2024,55.2708,25.2048,1457999378141220,2024-04-13,False,,,564,26,470,27,67,0,0,True,2024-04-14,2024-04-14,0,True,void--unlabeled;construction--structure--building;construction--structure--bridge;construction--flat--road;object--support--pole;nature--vegetation;construction--barrier--guard-rail;marking--continuous--solid,
Dubai,Asia,2024,55.2708,25.2048,308380698893026,2024-02-12,False,,,198,10,197,0,1,0,0,True,2024-02-12,2024-02-12,0,True,void--unlabeled;construction--barrier--fence;construction--structure--building;construction--flat--road;void--ground;construction--barrier--wall;nature--sky;construction--flat--sidewalk,
Dubai,Asia,2024,55.2708,25.2048,426988436425360,2024-02-12,False,,,53,11,37,1,15,0,0,True,2024-02-12,2024-02-12,0,True,void--unlabeled;object--street-light;object--support--pole;nature--sky;construction--flat--road;construction--barrier--concrete-block;construction--flat--service-lane;construction--structure--building,
Dubai,Asia,2025,55.2708,25.2048,703658002264691,2025-11-02,False,,,343,17,321,20,2,0,0,True,2025-11-03,2025-11-03,0,True,void--unlabeled;construction--barrier--fence;construction--flat--road;nature--sky;construction--structure--building;nature--vegetation;construction--flat--sidewalk;construction--structure--tunnel,
Dubai,Asia,2025,55.2708,25.2048,2124391374659287,2025-01-23,False,,,467,25,392,0,72,3,0,True,2025-01-28,2025-01-28,0,True,void--unlabeled;void--static;object--support--pole;construction--flat--road;nature--vegetation;construction--flat--sidewalk;construction--structure--bridge;construction--structure--building,
Dubai,Asia,2025,55.2708,25.2048,1779159532743682,2025-12-13,False,,,142,10,138,4,0,0,0,True,2025-12-14,2025-12-14,0,True,void--unlabeled;nature--sky;construction--flat--road;construction--structure--building;void--ego-vehicle;marking--continuous--solid;nature--terrain;nature--vegetation,
Dubai,Asia,2026,55.2708,25.2048,1100652125426028,2026-01-10,False,,,198,17,174,16,8,0,0,True,2026-01-10,2026-01-10,0,True,void--unlabeled;construction--structure--building;construction--barrier--fence;construction--structure--bridge;void--static;marking--continuous--solid;nature--sky;marking--continuous--dashed,
Dubai,Asia,2026,55.2708,25.2048,2086553835406255,2026-07-01,False,,,380,24,293,26,60,1,0,True,2026-07-01,2026-07-01,0,True,void--unlabeled;construction--structure--building;nature--vegetation;marking--continuous--dashed;construction--structure--bridge;object--vehicle--car;construction--barrier--fence;void--static,
Dubai,Asia,2026,55.2708,25.2048,26421633064105419,2026-01-21,False,,,830,32,691,44,94,1,0,True,2026-01-21,2026-01-21,0,True,void--unlabeled;construction--flat--road;nature--vegetation;void--static;construction--structure--building;construction--barrier--wall;object--vehicle--car;construction--barrier--curb,
Mumbai,Asia,2016-2017,72.8777,19.076,1169045783533631,2016-07-09,False,,,2,2,1,0,1,0,0,True,2021-05-22,2021-05-22,0,,object--sign--advertisement;construction--flat--driveway,
Mumbai,Asia,2016-2017,72.8777,19.076,1932923130196287,2016-04-10,False,,,0,0,0,0,0,0,0,False,,,0,,,
Mumbai,Asia,2016-2017,72.8777,19.076,554005919320037,2017-05-21,False,,,0,0,0,0,0,0,0,False,,,0,,,
Mumbai,Asia,2018,72.8777,19.076,817622035549561,2018-11-17,False,,,0,0,0,0,0,0,0,False,,,0,,,
Mumbai,Asia,2018,72.8777,19.076,375672650498966,2018-11-17,False,,,0,0,0,0,0,0,0,False,,,0,,,
Mumbai,Asia,2018,72.8777,19.076,771053576930313,2018-11-17,False,,,2,1,0,0,2,0,0,False,2021-05-22,2021-05-22,0,,object--support--pole,
Mumbai,Asia,2019,72.8777,19.076,850360175516846,2019-07-03,False,,,0,0,0,0,0,0,0,False,,,0,,,
Mumbai,Asia,2019,72.8777,19.076,585210005692124,2019-05-15,False,,,0,0,0,0,0,0,0,False,,,0,,,
Mumbai,Asia,2019,72.8777,19.076,272727137887788,2019-06-27,False,,,0,0,0,0,0,0,0,False,,,0,,,
Mumbai,Asia,2021,72.8777,19.076,552408729777549,2021-12-16,False,,,396,22,336,23,37,0,0,True,2022-03-31,2022-03-31,0,True,void--unlabeled;construction--flat--road;construction--barrier--curb;construction--structure--building;construction--flat--sidewalk;nature--vegetation;void--static;construction--barrier--wall,
Mumbai,Asia,2021,72.8777,19.076,361236672580699,2021-12-16,False,,,298,29,240,5,53,0,0,True,2022-03-31,2022-03-31,0,True,void--unlabeled;construction--structure--building;nature--vegetation;void--static;construction--barrier--wall;object--support--pole;object--vehicle--car;construction--barrier--fence,
Mumbai,Asia,2021,72.8777,19.076,646997019939816,2021-12-16,False,,,271,17,231,0,40,0,0,True,2022-03-31,2022-03-31,0,True,void--unlabeled;nature--vegetation;construction--flat--road;object--vehicle--car;object--support--pole;nature--sky;construction--barrier--curb;void--static,
Mumbai,Asia,2022,72.8777,19.076,281612237490063,2022-03-25,False,,,215,18,186,0,28,1,0,True,2022-03-26,2022-03-26,0,True,void--unlabeled;construction--barrier--wall;construction--structure--building;construction--barrier--fence;object--vehicle--car;nature--vegetation;object--support--pole;object--traffic-sign--front,
Mumbai,Asia,2022,72.8777,19.076,1034786230722961,2022-03-30,False,,,75,5,75,0,0,0,0,True,2022-03-31,2022-03-31,0,True,void--ego-vehicle;nature--sky;nature--snow;construction--flat--road;void--unlabeled,
Mumbai,Asia,2022,72.8777,19.076,498449815111623,2022-03-29,False,,,158,18,143,0,15,0,0,True,2022-03-30,2022-03-30,0,True,void--unlabeled;construction--structure--building;nature--vegetation;nature--sky;void--static;object--sign--advertisement;construction--flat--sidewalk;object--sign--store,
Mumbai,Asia,2024,72.8777,19.076,1030282408727666,2024-08-08,False,,,309,16,267,0,42,0,0,True,2024-08-09,2024-08-09,0,True,void--unlabeled;void--dynamic;construction--structure--building;object--wire-group;nature--sky;construction--flat--pedestrian-area;human--person--individual;construction--flat--road,
Mumbai,Asia,2024,72.8777,19.076,1300552747795399,2024-10-24,False,,,165,17,145,3,17,0,0,True,2024-11-23,2024-11-23,0,True,void--unlabeled;void--static;construction--barrier--fence;construction--barrier--wall;nature--vegetation;construction--barrier--curb;object--support--pole;nature--sky,
Mumbai,Asia,2024,72.8777,19.076,2281790525514746,2024-11-30,False,,,108,12,106,0,2,0,0,True,2024-11-30,2024-11-30,0,True,void--dynamic;construction--structure--building;void--unlabeled;void--static;nature--vegetation;construction--flat--road;construction--barrier--wall;construction--flat--sidewalk,
Mumbai,Asia,2025,72.8777,19.076,846292075029516,2025-11-26,False,,,241,17,235,0,6,0,0,True,2025-11-26,2025-11-26,0,True,void--ground;nature--water;nature--terrain;void--unlabeled;nature--vegetation;construction--flat--road;construction--barrier--curb;nature--sky,
Mumbai,Asia,2025,72.8777,19.076,3469290663209805,2025-11-12,False,,,110,12,107,0,3,0,0,True,2025-11-12,2025-11-12,0,,void--unlabeled;void--ground;nature--terrain;nature--vegetation;construction--barrier--curb;void--static;construction--barrier--fence;construction--flat--sidewalk,
Mumbai,Asia,2025,72.8777,19.076,841219328800715,2025-11-12,False,,,132,15,128,0,4,0,0,True,2025-11-12,2025-11-12,0,True,void--unlabeled;construction--barrier--fence;construction--structure--building;construction--flat--road;void--static;construction--flat--sidewalk;construction--barrier--wall;nature--vegetation,
Mumbai,Asia,2026,72.8777,19.076,1733453461367883,2026-05-02,False,,,295,21,264,0,31,0,0,True,2026-05-02,2026-05-02,0,True,void--unlabeled;construction--structure--building;void--static;nature--vegetation;void--dynamic;human--person--individual;construction--barrier--wall;construction--barrier--curb,
Mumbai,Asia,2026,72.8777,19.076,965549449437890,2026-04-25,False,,,299,27,264,1,34,0,0,True,2026-04-25,2026-04-25,0,True,void--unlabeled;construction--structure--building;construction--flat--road;construction--barrier--wall;void--static;nature--vegetation;construction--barrier--fence;construction--flat--sidewalk,
Mumbai,Asia,2026,72.8777,19.076,714686984969982,2026-03-14,False,,,389,26,345,0,44,0,0,True,2026-03-14,2026-03-14,0,True,void--unlabeled;construction--structure--building;void--static;construction--barrier--wall;construction--flat--sidewalk;void--dynamic;nature--vegetation;construction--barrier--fence,
Bangkok,Asia,2014-2015,100.5018,13.7563,278963703907578,2015-11-14,False,,,1,1,0,0,1,0,0,False,2021-05-22,2021-05-22,0,,object--street-light,
Bangkok,Asia,2014-2015,100.5018,13.7563,826738518237782,2014-08-01,False,,,4,3,0,0,4,0,0,False,2021-05-22,2021-05-22,0,,object--support--pole;object--banner;object--support--utility-pole,
Bangkok,Asia,2014-2015,100.5018,13.7563,1375699246127358,2014-09-03,False,,,1,1,0,0,1,0,0,False,2021-05-22,2021-05-22,0,,object--street-light,
Bangkok,Asia,2016-2017,100.5018,13.7563,770662653843747,2016-12-16,False,,,3,2,0,0,3,0,0,False,2021-05-22,2021-05-22,0,,object--sign--advertisement;object--support--utility-pole,
Bangkok,Asia,2016-2017,100.5018,13.7563,502219657583206,2016-12-16,False,,,0,0,0,0,0,0,0,False,,,0,,,
Bangkok,Asia,2016-2017,100.5018,13.7563,192431689385922,2016-03-26,False,,,0,0,0,0,0,0,0,False,,,0,,,
Bangkok,Asia,2018,100.5018,13.7563,901036863775907,2018-11-23,False,,,2,1,0,0,2,0,0,False,2021-05-22,2021-05-22,0,,object--sign--advertisement,
Bangkok,Asia,2018,100.5018,13.7563,288851716278016,2018-02-03,False,,,0,0,0,0,0,0,0,False,,,0,,,
Bangkok,Asia,2018,100.5018,13.7563,884569185457496,2018-06-01,False,,,1,1,0,0,0,1,0,False,2021-05-29,2021-05-29,0,,information--general-directions--g1,
Bangkok,Asia,2019,100.5018,13.7563,331930105189543,2019-03-15,False,,,1,1,0,0,1,0,0,False,2021-05-22,2021-05-22,0,,object--sign--store,
Bangkok,Asia,2019,100.5018,13.7563,1077349329459799,2019-03-15,False,,,1,1,0,1,0,0,0,False,2021-05-22,2021-05-22,0,,marking--discrete--arrow--straight,
Bangkok,Asia,2019,100.5018,13.7563,304162767839049,2019-03-19,False,,,0,0,0,0,0,0,0,False,,,0,,,
Bangkok,Asia,2020,100.5018,13.7563,766563530544460,2020-03-09,False,,,0,0,0,0,0,0,0,False,,,0,,,
Bangkok,Asia,2020,100.5018,13.7563,1100409227148331,2020-04-02,False,,,2,2,0,0,1,1,0,False,2021-05-21,2021-05-22,0,,information--general-directions--g1;object--traffic-light--general-upright,
Bangkok,Asia,2020,100.5018,13.7563,516083129560702,2020-05-02,False,,,0,0,0,0,0,0,0,False,,,0,,,
Bangkok,Asia,2021,100.5018,13.7563,253514849860548,2021-05-12,True,,,409,26,319,26,64,0,0,True,2021-08-30,2021-08-30,0,True,void--unlabeled;marking--continuous--solid;human--person--individual;construction--structure--building;construction--flat--sidewalk;construction--flat--road;construction--barrier--curb;nature--vegetation,
Bangkok,Asia,2021,100.5018,13.7563,1160915031057398,2021-05-10,True,,,484,23,414,20,50,0,0,True,2021-09-02,2021-09-02,0,True,void--unlabeled;construction--structure--building;construction--flat--road;nature--vegetation;construction--barrier--curb;construction--barrier--wall;void--static;nature--terrain,
Bangkok,Asia,2021,100.5018,13.7563,2911023355882135,2021-05-10,True,,,329,29,265,17,46,1,0,True,2021-09-02,2021-09-02,0,True,void--unlabeled;construction--structure--building;construction--flat--sidewalk;nature--vegetation;nature--sky;marking--continuous--solid;void--ground;construction--barrier--wall,
Bangkok,Asia,2022,100.5018,13.7563,450188041046389,2022-12-25,True,,,229,23,170,8,51,0,0,True,2024-06-16,2024-06-16,0,True,void--unlabeled;construction--structure--building;object--street-light;object--support--pole;construction--barrier--curb;object--sign--store;marking--continuous--dashed;nature--sky,
Bangkok,Asia,2022,100.5018,13.7563,5335501309841529,2022-04-12,False,,,299,19,230,14,55,0,0,True,2022-04-17,2022-04-17,0,True,void--unlabeled;construction--structure--building;object--support--pole;object--street-light;construction--structure--bridge;void--static;marking--continuous--solid;construction--barrier--concrete-block,
Bangkok,Asia,2022,100.5018,13.7563,3808913832688623,2022-12-25,True,,,424,16,346,20,58,0,0,True,2024-06-15,2024-06-15,0,True,void--unlabeled;construction--structure--building;nature--vegetation;object--street-light;object--support--pole;marking--continuous--dashed;construction--flat--sidewalk;construction--barrier--wall,
Bangkok,Asia,2024,100.5018,13.7563,509916851385820,2024-12-14,True,,,510,19,465,0,45,0,0,True,2024-12-22,2024-12-22,0,True,void--unlabeled;void--dynamic;construction--structure--building;void--static;nature--vegetation;human--person--individual;construction--flat--pedestrian-area;void--ground,
Bangkok,Asia,2024,100.5018,13.7563,1815097305894632,2024-12-14,True,,,294,21,283,6,5,0,0,True,2024-12-22,2024-12-22,0,True,nature--vegetation;void--unlabeled;void--static;construction--structure--building;construction--barrier--curb;construction--barrier--fence;construction--flat--road;nature--sky,
Bangkok,Asia,2024,100.5018,13.7563,1381412625866648,2024-06-10,False,,,337,29,283,7,47,0,0,True,2024-06-11,2024-06-11,0,True,void--unlabeled;construction--structure--building;nature--vegetation;void--static;construction--flat--sidewalk;object--vehicle--car;construction--flat--parking;object--support--pole,
Bangkok,Asia,2025,100.5018,13.7563,1341243950726440,2025-09-27,False,,,145,12,140,0,5,0,0,True,2025-09-27,2025-09-27,0,True,void--unlabeled;construction--structure--building;void--dynamic;void--static;construction--flat--sidewalk;construction--flat--road;nature--sky;object--sign--store,
Bangkok,Asia,2025,100.5018,13.7563,749748877988379,2025-08-12,False,,,558,23,534,0,24,0,0,True,2025-08-12,2025-08-12,0,True,void--unlabeled;void--static;void--dynamic;void--ground;construction--structure--building;nature--vegetation;construction--flat--sidewalk;construction--flat--pedestrian-area,
Bangkok,Asia,2025,100.5018,13.7563,757723577014594,2025-08-12,False,,,341,21,321,0,20,0,0,True,2025-08-12,2025-08-12,0,True,void--unlabeled;void--dynamic;void--static;nature--vegetation;nature--sky;void--ground;construction--structure--building;construction--flat--pedestrian-area,
Bangkok,Asia,2026,100.5018,13.7563,1680804576409344,2026-04-01,False,,,194,13,171,0,23,0,0,True,2026-04-01,2026-04-01,0,True,void--unlabeled;construction--structure--building;nature--vegetation;nature--sky;object--street-light;object--support--pole;construction--barrier--curb;void--static,
Bangkok,Asia,2026,100.5018,13.7563,1524864809653356,2026-06-11,False,,,214,18,183,4,27,0,0,True,2026-06-13,2026-06-13,0,True,void--unlabeled;construction--structure--building;nature--vegetation;nature--sky;construction--structure--bridge;object--wire-group;construction--flat--road;object--vehicle--car,
Bangkok,Asia,2026,100.5018,13.7563,1703847617415493,2026-04-29,False,,,299,23,237,13,49,0,0,True,2026-05-01,2026-05-01,0,True,void--unlabeled;construction--structure--building;nature--sky;nature--vegetation;marking--continuous--dashed;object--vehicle--car;object--support--pole;construction--structure--bridge,
Jakarta,Asia,2014-2015,106.8456,-6.2088,316187323222467,2014-03-29,False,,,1,1,0,0,1,0,0,False,2021-05-22,2021-05-22,0,,object--support--pole,
Jakarta,Asia,2014-2015,106.8456,-6.2088,575395796741331,2014-03-27,False,,,0,0,0,0,0,0,0,False,,,0,,,
Jakarta,Asia,2014-2015,106.8456,-6.2088,456476775609240,2014-02-16,False,,,0,0,0,0,0,0,0,False,,,0,,,
Jakarta,Asia,2018,106.8456,-6.2088,307077737705354,2018-11-26,False,,,6,3,0,0,6,0,0,False,2021-05-22,2021-05-22,0,,object--support--pole;object--sign--advertisement;object--fire-hydrant,
Jakarta,Asia,2018,106.8456,-6.2088,2814424275474541,2018-11-26,False,,,0,0,0,0,0,0,0,False,,,0,,,
Jakarta,Asia,2018,106.8456,-6.2088,1066688540487763,2018-11-26,False,,,2,1,0,0,2,0,0,False,2021-05-22,2021-05-22,0,,object--support--pole,
Jakarta,Asia,2019,106.8456,-6.2088,502921170834662,2019-10-19,False,,,0,0,0,0,0,0,0,False,,,0,,,
Jakarta,Asia,2019,106.8456,-6.2088,2814975422088639,2019-10-19,False,,,2,2,0,0,2,0,0,False,2021-05-22,2021-05-22,0,,object--street-light;object--sign--advertisement,
Jakarta,Asia,2019,106.8456,-6.2088,990864778116092,2019-10-19,False,,,4,3,0,0,4,0,0,False,2021-05-22,2021-05-22,0,,object--support--utility-pole;object--street-light;object--sign--advertisement,
Jakarta,Asia,2022,106.8456,-6.2088,155862857011589,2022-05-24,False,,,371,23,334,2,35,0,0,True,2022-06-17,2022-06-17,0,True,void--unlabeled;construction--structure--building;void--static;nature--vegetation;nature--sky;construction--flat--road;object--support--pole;construction--barrier--fence,
Jakarta,Asia,2022,106.8456,-6.2088,1158579844875493,2022-05-21,False,,,350,28,277,27,46,0,0,True,2022-06-10,2022-06-10,0,True,void--unlabeled;marking--continuous--solid;object--wire-group;void--dynamic;construction--structure--building;void--static;construction--flat--road;nature--vegetation,
Jakarta,Asia,2022,106.8456,-6.2088,719470222509193,2022-05-27,True,,,601,26,503,18,80,0,0,True,2022-06-10,2022-06-10,0,True,void--unlabeled;construction--structure--building;nature--vegetation;human--rider--motorcyclist;nature--sky;object--vehicle--motorcycle;construction--flat--road;marking--continuous--dashed,
Jakarta,Asia,2023,106.8456,-6.2088,989565599339776,2023-10-08,True,,,406,29,332,38,36,0,0,True,2024-07-01,2024-07-01,0,True,void--unlabeled;construction--flat--road;marking--continuous--solid;construction--barrier--curb;void--ground;void--static;nature--terrain;construction--structure--bridge,
Jakarta,Asia,2023,106.8456,-6.2088,256775960554642,2023-12-26,False,,,509,29,422,21,65,1,0,True,2023-12-27,2023-12-27,0,True,void--unlabeled;void--static;nature--vegetation;construction--flat--road;object--support--pole;marking--continuous--solid;object--sign--advertisement;construction--barrier--fence,
Jakarta,Asia,2023,106.8456,-6.2088,256085374258166,2023-10-08,False,,,175,21,138,6,31,0,0,True,2024-03-22,2024-03-22,0,True,void--unlabeled;construction--structure--building;object--vehicle--car;construction--barrier--wall;nature--vegetation;construction--flat--road;marking--continuous--dashed;nature--sky,
Jakarta,Asia,2024,106.8456,-6.2088,864289741838817,2024-08-20,False,,,331,28,260,24,46,1,0,True,2024-08-21,2024-08-21,0,True,void--unlabeled;construction--structure--building;marking--continuous--solid;nature--vegetation;construction--flat--sidewalk;void--static;human--rider--motorcyclist;construction--barrier--curb,
Jakarta,Asia,2024,106.8456,-6.2088,1069704728049730,2024-09-29,False,,,193,11,192,0,1,0,0,True,2024-09-30,2024-09-30,0,True,void--unlabeled;void--ego-vehicle;nature--vegetation;nature--sky;construction--structure--tunnel;construction--structure--building;void--dynamic;construction--flat--road,
Jakarta,Asia,2024,106.8456,-6.2088,872853564901017,2024-08-20,False,,,532,34,448,12,71,1,0,True,2024-08-21,2024-08-21,0,True,void--unlabeled;nature--vegetation;void--static;construction--structure--building;construction--flat--road;object--support--pole;construction--barrier--fence;construction--barrier--curb,
Jakarta,Asia,2025,106.8456,-6.2088,850471637699380,2025-10-25,False,,,215,21,188,6,21,0,0,True,2025-11-27,2025-11-27,0,True,void--unlabeled;construction--structure--building;construction--flat--road;nature--sky;void--static;construction--barrier--wall;construction--flat--sidewalk;nature--vegetation,
Jakarta,Asia,2025,106.8456,-6.2088,4110455899175139,2025-10-25,False,,,259,30,199,23,36,1,0,True,2025-11-27,2025-11-27,0,True,void--unlabeled;construction--structure--bridge;construction--structure--building;construction--flat--road;construction--barrier--guard-rail;marking--continuous--solid;nature--vegetation;marking--continuous--dashed,
Jakarta,Asia,2025,106.8456,-6.2088,1395972731902785,2025-11-05,False,,,282,22,267,4,10,1,0,True,2025-11-29,2025-11-29,0,True,void--unlabeled;nature--vegetation;construction--flat--road;construction--flat--sidewalk;nature--sky;void--static;construction--structure--building;construction--barrier--curb,
Singapore,Asia,2014-2015,103.8198,1.3521,1427588230968071,2015-07-30,False,,,2,1,0,0,2,0,0,False,2021-05-22,2021-05-22,0,,object--support--pole,
Singapore,Asia,2014-2015,103.8198,1.3521,1155263441563480,2015-06-27,False,,,1,1,0,0,1,0,0,False,2021-05-22,2021-05-22,0,,object--support--pole,
Singapore,Asia,2014-2015,103.8198,1.3521,457765565314981,2015-07-01,False,,,3,3,0,0,1,1,1,False,2021-05-19,2021-05-22,0,,general--traffic-sign--g1;information--general-directions--g1;object--support--pole,
Singapore,Asia,2016-2017,103.8198,1.3521,2984757511756919,2017-01-19,False,,,1,1,0,0,1,0,0,False,2021-05-22,2021-05-22,0,,object--support--pole,
Singapore,Asia,2016-2017,103.8198,1.3521,475670293549908,2017-01-16,False,,,1,1,0,0,1,0,0,False,2021-05-22,2021-05-22,0,,object--support--pole,
Singapore,Asia,2016-2017,103.8198,1.3521,3879171795470359,2017-01-16,False,,,1,1,0,0,1,0,0,False,2021-05-22,2021-05-22,0,,object--support--pole,
Singapore,Asia,2018,103.8198,1.3521,161368162570164,2018-12-25,False,,,0,0,0,0,0,0,0,False,,,0,,,
Singapore,Asia,2018,103.8198,1.3521,900337233844712,2018-12-25,False,,,0,0,0,0,0,0,0,False,,,0,,,
Singapore,Asia,2018,103.8198,1.3521,463590021571596,2018-12-25,False,,,0,0,0,0,0,0,0,False,,,0,,,
Singapore,Asia,2019,103.8198,1.3521,539266754150340,2019-10-29,False,,,0,0,0,0,0,0,0,False,,,0,,,
Singapore,Asia,2019,103.8198,1.3521,337456101233500,2019-10-29,False,,,0,0,0,0,0,0,0,False,,,0,,,
Singapore,Asia,2019,103.8198,1.3521,800621884209466,2019-10-29,False,,,0,0,0,0,0,0,0,False,,,0,,,
Manila,Asia,2016-2017,120.9842,14.5995,845135746081696,2016-05-07,False,,,1,1,0,0,1,0,0,False,2021-05-22,2021-05-22,0,,object--support--utility-pole,
Manila,Asia,2016-2017,120.9842,14.5995,1234802913638316,2017-04-17,False,,,0,0,0,0,0,0,0,False,,,0,,,
Manila,Asia,2016-2017,120.9842,14.5995,1046768675732281,2016-05-07,False,,,6,3,0,0,6,0,0,False,2021-05-22,2021-05-22,0,,object--street-light;object--support--utility-pole;object--sign--store,
Manila,Asia,2018,120.9842,14.5995,293714089062372,2018-09-08,False,,,2,1,0,0,2,0,0,False,2021-05-22,2021-05-24,0,,object--support--utility-pole,
Manila,Asia,2018,120.9842,14.5995,383608062844064,2018-09-08,False,,,0,0,0,0,0,0,0,False,,,0,,,
Manila,Asia,2018,120.9842,14.5995,469069651047615,2018-08-22,False,,,2,1,0,0,2,0,0,False,2021-05-22,2021-05-23,0,,object--support--utility-pole,
Manila,Asia,2019,120.9842,14.5995,817311365875480,2019-07-14,False,,,1,1,0,0,1,0,0,False,2021-05-22,2021-05-22,0,,object--sign--store,
Manila,Asia,2019,120.9842,14.5995,324015889067360,2019-07-14,False,,,3,2,0,0,3,0,0,False,2021-05-22,2021-05-22,0,,object--sign--store;object--street-light,
Manila,Asia,2019,120.9842,14.5995,796452837666407,2019-07-14,False,,,3,2,0,0,3,0,0,False,2021-05-22,2021-05-22,0,,object--support--utility-pole;object--sign--store,
Manila,Asia,2020,120.9842,14.5995,492438105508767,2020-11-19,True,,,6,2,0,0,6,0,0,False,2021-05-22,2021-05-22,0,,object--street-light;object--support--utility-pole,
Manila,Asia,2020,120.9842,14.5995,520270706015005,2020-02-09,False,,,4,3,0,0,4,0,0,False,2021-05-22,2021-05-22,0,,object--street-light;object--banner;object--support--utility-pole,
Manila,Asia,2020,120.9842,14.5995,931234924319166,2020-02-09,False,,,10,4,0,0,10,0,0,False,2021-05-22,2021-05-24,0,,object--sign--store;object--sign--advertisement;object--traffic-light--general-horizontal;object--traffic-light--general-upright,
Manila,Asia,2021,120.9842,14.5995,772981613385263,2021-05-02,False,,,476,28,397,12,67,0,0,True,2021-08-29,2021-08-29,0,True,void--unlabeled;construction--structure--building;nature--vegetation;nature--sky;object--wire-group;object--support--utility-pole;construction--flat--sidewalk;construction--flat--road,
Manila,Asia,2021,120.9842,14.5995,905265153652333,2021-04-11,False,,,290,25,218,0,72,0,0,True,2021-08-29,2021-08-29,0,True,void--unlabeled;object--wire-group;construction--structure--building;void--static;nature--sky;construction--structure--bridge;object--sign--store;nature--vegetation,
Manila,Asia,2021,120.9842,14.5995,392683762301416,2021-09-17,True,,,357,25,299,0,58,0,0,True,2021-09-27,2021-09-27,0,True,void--unlabeled;construction--structure--building;construction--flat--road;void--ground;nature--vegetation;object--wire-group;construction--flat--sidewalk;void--ego-vehicle,
Manila,Asia,2022,120.9842,14.5995,309672527781311,2022-03-05,False,,,407,27,355,7,45,0,0,True,2022-04-05,2022-04-05,0,True,void--unlabeled;void--static;construction--structure--building;nature--vegetation;nature--sky;construction--barrier--curb;void--ground;construction--barrier--wall,
Manila,Asia,2022,120.9842,14.5995,117827507379302,2022-03-08,False,,,307,26,265,12,30,0,0,True,2022-04-08,2022-04-08,0,True,void--unlabeled;void--static;nature--vegetation;construction--structure--building;construction--barrier--fence;marking--continuous--solid;object--support--pole;construction--flat--sidewalk,
Manila,Asia,2022,120.9842,14.5995,998510934126299,2022-03-05,False,,,272,17,245,0,27,0,0,True,2022-04-05,2022-04-05,0,True,void--unlabeled;void--dynamic;construction--structure--building;void--static;object--wire-group;void--ground;construction--barrier--curb;human--person--individual,
Manila,Asia,2024,120.9842,14.5995,997364111753584,2024-04-08,False,,,136,12,134,0,2,0,0,True,2024-05-29,2024-05-29,0,,void--unlabeled;construction--structure--building;nature--vegetation;construction--barrier--wall;void--static;construction--structure--bridge;construction--barrier--curb;construction--flat--sidewalk,
Manila,Asia,2024,120.9842,14.5995,1182251222922064,2024-05-05,True,,,492,29,418,14,60,0,0,True,2024-07-11,2024-07-11,0,True,void--unlabeled;construction--structure--building;construction--flat--road;nature--sky;construction--structure--bridge;human--person--individual;construction--flat--pedestrian-area;marking--continuous--solid,
Manila,Asia,2024,120.9842,14.5995,1448984012490332,2024-04-08,False,,,296,20,253,0,43,0,0,True,2024-05-26,2024-05-26,0,True,void--unlabeled;construction--structure--building;nature--vegetation;nature--sky;object--wire-group;void--static;construction--barrier--wall;object--support--utility-pole,
Manila,Asia,2025,120.9842,14.5995,1368535794632550,2025-10-05,False,,,251,23,233,1,17,0,0,True,2025-10-07,2025-10-07,0,True,void--unlabeled;void--static;construction--barrier--wall;construction--structure--building;construction--structure--bridge;construction--barrier--concrete-block;nature--sky;object--wire-group,
Manila,Asia,2025,120.9842,14.5995,808097931703994,2025-10-05,False,,,88,11,71,0,17,0,0,True,2025-10-08,2025-10-08,0,True,void--unlabeled;object--wire-group;construction--structure--building;nature--sky;construction--flat--road;human--rider--motorcyclist;object--vehicle--motorcycle;void--ego-vehicle,
Manila,Asia,2025,120.9842,14.5995,3214908175332154,2025-10-05,False,,,399,22,318,11,70,0,0,True,2025-10-07,2025-10-07,0,True,void--unlabeled;construction--structure--building;object--wire-group;void--dynamic;marking--continuous--solid;nature--vegetation;void--static;construction--flat--road,
Manila,Asia,2026,120.9842,14.5995,1780277165968550,2026-01-18,False,,,207,16,188,0,19,0,0,True,2026-01-28,2026-01-28,0,True,void--unlabeled;void--ego-vehicle;nature--sky;void--static;construction--structure--building;object--wire-group;construction--barrier--concrete-block;construction--barrier--road-side,
Manila,Asia,2026,120.9842,14.5995,863712556567864,2026-01-18,False,,,127,16,95,12,20,0,0,True,2026-01-28,2026-01-28,0,True,void--unlabeled;nature--sky;construction--structure--building;marking--continuous--solid;construction--flat--road;object--wire-group;nature--vegetation;construction--barrier--concrete-block,
Manila,Asia,2026,120.9842,14.5995,1553789706244122,2026-07-28,False,,,276,25,231,22,23,0,0,True,2026-07-29,2026-07-29,0,True,void--unlabeled;construction--flat--road;nature--vegetation;construction--barrier--wall;construction--structure--building;construction--barrier--curb;construction--barrier--fence;marking--continuous--solid,
Seoul,Asia,2016-2017,126.978,37.5665,166408438626049,2016-07-27,False,,,2,2,0,1,1,0,0,False,2021-05-22,2021-05-22,0,,marking--discrete--crosswalk-zebra;object--banner,
Seoul,Asia,2016-2017,126.978,37.5665,309613357271047,2016-07-15,False,,,0,0,0,0,0,0,0,False,,,0,,,
Seoul,Asia,2016-2017,126.978,37.5665,490392585420434,2016-09-11,False,,,0,0,0,0,0,0,0,False,,,0,,,
Seoul,Asia,2018,126.978,37.5665,1942080915941430,2018-07-23,False,,,0,0,0,0,0,0,0,False,,,0,,,
Seoul,Asia,2018,126.978,37.5665,904723003436774,2018-07-15,False,,,0,0,0,0,0,0,0,False,,,0,,,
Seoul,Asia,2018,126.978,37.5665,516134376435846,2018-07-22,False,,,0,0,0,0,0,0,0,False,,,0,,,
Seoul,Asia,2020,126.978,37.5665,301611218120091,2020-07-15,False,,,4,3,0,0,0,4,0,False,2021-05-19,2021-05-21,0,,information--general-directions--g1;information--highway-interchange--g1;regulatory--maximum-speed-limit-50--g1,
Seoul,Asia,2020,126.978,37.5665,532085364622990,2020-07-15,False,,,0,0,0,0,0,0,0,False,,,0,,,
Seoul,Asia,2020,126.978,37.5665,1406225159755671,2020-07-15,False,,,0,0,0,0,0,0,0,False,,,0,,,
Seoul,Asia,2021,126.978,37.5665,1417171352235616,2021-11-22,False,,,383,31,350,5,28,0,0,True,2024-01-26,2024-01-26,0,True,void--unlabeled;construction--structure--building;void--dynamic;void--static;construction--flat--sidewalk;nature--vegetation;construction--flat--road;void--ego-vehicle,
Seoul,Asia,2021,126.978,37.5665,1074045563649949,2021-11-22,False,,,163,18,136,1,26,0,0,True,2024-01-26,2024-01-26,0,,void--unlabeled;construction--structure--building;construction--barrier--fence;void--static;object--wire-group;nature--vegetation;construction--flat--road;void--dynamic,
Seoul,Asia,2021,126.978,37.5665,327282296957749,2021-11-22,False,,,156,18,131,0,25,0,0,True,2024-01-26,2024-01-26,0,True,void--unlabeled;void--static;construction--structure--building;nature--vegetation;object--wire-group;void--dynamic;construction--flat--road;nature--sky,
Seoul,Asia,2022,126.978,37.5665,1741558516228670,2022-11-27,False,,,108,14,90,1,17,0,0,True,2022-11-27,2022-11-27,0,,void--unlabeled;nature--vegetation;object--wire-group;construction--flat--sidewalk;construction--structure--building;construction--flat--road;construction--barrier--curb;void--ground,
Seoul,Asia,2022,126.978,37.5665,199692985888890,2022-11-27,False,,,325,23,295,1,29,0,0,True,2022-11-27,2022-11-27,0,True,void--unlabeled;construction--structure--building;void--static;nature--vegetation;construction--flat--sidewalk;construction--barrier--fence;nature--sky;construction--barrier--wall,
Seoul,Asia,2022,126.978,37.5665,208271311565219,2022-11-27,False,,,219,22,182,13,24,0,0,True,2022-11-27,2022-11-27,0,True,void--unlabeled;construction--structure--building;nature--vegetation;construction--barrier--wall;marking--continuous--solid;nature--sky;construction--barrier--curb;construction--barrier--fence,
Seoul,Asia,2023,126.978,37.5665,1048495843553846,2023-12-03,True,,,469,22,416,1,52,0,0,True,2024-09-11,2024-09-11,0,,void--unlabeled;void--static;construction--structure--building;construction--barrier--fence;nature--vegetation;human--person--individual;void--ground;construction--barrier--wall,
Seoul,Asia,2023,126.978,37.5665,1455786845223604,2023-12-01,True,,,753,32,667,3,83,0,0,True,2024-09-12,2024-09-12,0,True,void--unlabeled;void--static;construction--flat--sidewalk;construction--flat--pedestrian-area;construction--structure--building;construction--flat--road;nature--vegetation;void--ground,
Seoul,Asia,2023,126.978,37.5665,1696136514493084,2023-11-28,True,,,433,28,348,22,63,0,0,True,2024-09-13,2024-09-13,0,True,void--unlabeled;construction--flat--sidewalk;object--support--pole;construction--barrier--curb;marking--continuous--solid;nature--vegetation;construction--flat--road;construction--structure--building,
Seoul,Asia,2024,126.978,37.5665,1759317747927135,2024-05-27,False,,,481,30,363,25,93,0,0,True,2024-05-27,2024-05-27,0,True,void--unlabeled;object--wire-group;construction--structure--building;nature--vegetation;nature--sky;construction--flat--sidewalk;construction--barrier--curb;marking--continuous--solid,
Seoul,Asia,2024,126.978,37.5665,363835666127173,2024-05-02,False,,,573,28,505,2,66,0,0,True,2024-05-03,2024-05-03,0,True,void--unlabeled;construction--structure--building;construction--flat--sidewalk;void--static;human--person--individual;construction--barrier--fence;construction--flat--pedestrian-area;construction--flat--road,
Seoul,Asia,2024,126.978,37.5665,781931717143956,2024-01-30,False,,,218,25,200,6,12,0,0,True,2024-01-31,2024-01-31,0,True,void--unlabeled;void--static;construction--structure--building;void--dynamic;construction--flat--sidewalk;construction--barrier--curb;nature--vegetation;void--ground,
Seoul,Asia,2025,126.978,37.5665,3183546991806823,2025-06-12,False,,,303,18,254,5,44,0,0,True,2025-06-19,2025-06-19,0,True,void--unlabeled;construction--structure--building;construction--flat--road;nature--vegetation;object--support--pole;object--sign--store;object--vehicle--car;human--person--individual,
Seoul,Asia,2025,126.978,37.5665,1156604822589255,2025-03-11,False,,,315,23,284,3,28,0,0,True,2025-03-11,2025-03-11,0,,void--unlabeled;construction--structure--building;nature--vegetation;construction--flat--sidewalk;construction--flat--road;void--ground;construction--barrier--wall;construction--flat--bike-lane,
Seoul,Asia,2025,126.978,37.5665,1338391380646496,2025-03-10,False,,,451,30,347,44,59,1,0,True,2025-03-11,2025-03-11,0,True,void--unlabeled;marking--continuous--solid;construction--structure--building;void--static;construction--flat--road;nature--vegetation;construction--barrier--curb;object--support--pole,
Seoul,Asia,2026,126.978,37.5665,1978482049544516,2026-04-02,False,,,654,38,560,7,84,3,0,True,2026-04-03,2026-04-03,0,True,void--unlabeled;construction--structure--building;nature--vegetation;construction--flat--road;construction--flat--sidewalk;void--dynamic;object--support--pole;construction--barrier--curb,
Seoul,Asia,2026,126.978,37.5665,2375315059624651,2026-04-02,False,,,539,24,497,1,41,0,0,True,2026-04-03,2026-04-03,0,,void--unlabeled;void--static;construction--barrier--wall;construction--structure--building;nature--vegetation;void--ground;construction--flat--pedestrian-area;construction--barrier--curb,
Seoul,Asia,2026,126.978,37.5665,1250458923966420,2026-03-30,False,,,1010,33,846,5,159,0,0,True,2026-04-05,2026-04-05,0,True,void--unlabeled;construction--structure--building;void--static;construction--flat--road;object--wire-group;human--person--individual;construction--flat--sidewalk;nature--vegetation,
Tokyo,Asia,2014-2015,139.6917,35.6895,963913807480975,2015-11-02,False,,,0,0,0,0,0,0,0,False,,,0,,,
Tokyo,Asia,2014-2015,139.6917,35.6895,791732821781338,2015-04-21,False,,,0,0,0,0,0,0,0,False,,,0,,,
Tokyo,Asia,2014-2015,139.6917,35.6895,284555396723885,2015-10-02,False,,,0,0,0,0,0,0,0,False,,,0,,,
Tokyo,Asia,2016-2017,139.6917,35.6895,3931443360274249,2017-01-15,False,,,0,0,0,0,0,0,0,False,,,0,,,
Tokyo,Asia,2016-2017,139.6917,35.6895,458358928584558,2016-09-14,False,,,2,2,0,0,2,0,0,False,2021-05-22,2021-05-22,0,,object--street-light;object--sign--store,
Tokyo,Asia,2016-2017,139.6917,35.6895,483668779539501,2017-01-15,False,,,0,0,0,0,0,0,0,False,,,0,,,
Tokyo,Asia,2018,139.6917,35.6895,822570528348858,2018-03-18,False,,,3,1,0,0,3,0,0,False,2021-05-22,2021-05-22,0,,object--support--utility-pole,
Tokyo,Asia,2018,139.6917,35.6895,1246664549089470,2018-03-18,False,,,3,1,0,0,3,0,0,False,2021-05-22,2021-05-23,0,,object--support--utility-pole,
Tokyo,Asia,2018,139.6917,35.6895,409290290726140,2018-08-06,False,,,5,4,0,1,4,0,0,False,2021-05-22,2021-05-22,0,,object--traffic-light--general-single;object--traffic-light--general-horizontal;marking--discrete--arrow--straight;object--banner,
Tokyo,Asia,2019,139.6917,35.6895,474748816959235,2019-03-24,False,,,6,3,0,4,2,0,0,False,2021-05-22,2021-05-22,0,,marking--discrete--text;object--banner;object--traffic-cone,
Tokyo,Asia,2019,139.6917,35.6895,4377424882281536,2019-01-02,False,,,4,4,0,1,3,0,0,False,2021-05-22,2021-05-22,0,,object--junction-box;object--sign--advertisement;marking--discrete--arrow--right;object--sign--store,
Tokyo,Asia,2019,139.6917,35.6895,301645761466791,2019-04-20,True,,,1,1,0,0,1,0,0,False,2021-05-23,2021-05-23,0,,object--support--pole,
Tokyo,Asia,2020,139.6917,35.6895,834903657378997,2020-06-04,False,,,0,0,0,0,0,0,0,False,,,0,,,
Tokyo,Asia,2020,139.6917,35.6895,300383118248217,2020-07-23,True,,,0,0,0,0,0,0,0,False,,,0,,,
Tokyo,Asia,2020,139.6917,35.6895,742568799748930,2020-12-21,False,,,0,0,0,0,0,0,0,False,,,0,,,
Tokyo,Asia,2021,139.6917,35.6895,376123450661281,2021-09-15,False,,,466,30,390,14,62,0,0,True,2021-09-16,2021-09-16,0,True,void--unlabeled;construction--structure--building;construction--barrier--fence;construction--flat--road;construction--barrier--curb;object--wire-group;void--static;construction--structure--bridge,
Tokyo,Asia,2021,139.6917,35.6895,1062366431239492,2021-09-15,False,,,477,30,392,15,69,1,0,True,2021-09-16,2021-09-16,0,True,void--unlabeled;construction--structure--building;object--wire-group;void--static;construction--flat--road;construction--flat--sidewalk;construction--barrier--fence;nature--vegetation,
Tokyo,Asia,2021,139.6917,35.6895,194057326164250,2021-09-25,False,,,135,16,130,0,5,0,0,True,2021-09-25,2021-09-25,0,True,void--ground;void--unlabeled;construction--flat--sidewalk;void--static;construction--barrier--fence;construction--barrier--curb;nature--terrain;construction--flat--pedestrian-area,
Tokyo,Asia,2022,139.6917,35.6895,906171754086560,2022-12-04,True,,,262,18,243,0,19,0,0,True,2022-12-04,2022-12-04,0,True,void--unlabeled;void--static;construction--structure--building;nature--water;construction--structure--bridge;void--ground;human--person--individual;construction--flat--road,
Tokyo,Asia,2022,139.6917,35.6895,672430517938421,2022-12-09,False,,,84,12,77,0,7,0,0,True,2022-12-12,2022-12-12,0,True,void--unlabeled;void--static;nature--terrain;nature--vegetation;construction--barrier--curb;construction--flat--road;object--junction-box;construction--structure--building,
Tokyo,Asia,2022,139.6917,35.6895,160404513126360,2022-12-16,False,,,158,15,153,0,5,0,0,True,2022-12-18,2022-12-18,0,,void--unlabeled;construction--flat--pedestrian-area;construction--structure--building;void--static;construction--flat--sidewalk;construction--barrier--fence;void--dynamic;nature--vegetation,
Tokyo,Asia,2023,139.6917,35.6895,161266656657629,2023-01-13,True,,,96,15,75,0,20,1,0,True,2023-01-13,2023-01-13,0,True,void--unlabeled;object--support--pole;void--ground;nature--vegetation;nature--sky;nature--terrain;human--person--individual;construction--flat--road,
Tokyo,Asia,2023,139.6917,35.6895,381837277529319,2023-12-09,False,,,190,15,186,3,1,0,0,True,2023-12-10,2023-12-10,0,True,nature--sky;construction--structure--building;construction--flat--road;void--unlabeled;nature--vegetation;void--static;construction--structure--bridge;construction--barrier--curb,
Tokyo,Asia,2023,139.6917,35.6895,1072433937095127,2023-11-24,False,,,496,30,436,4,54,2,0,True,2023-11-24,2023-11-24,0,True,void--unlabeled;construction--structure--building;construction--flat--road;nature--vegetation;construction--barrier--curb;construction--barrier--wall;object--support--pole;construction--flat--sidewalk,
Tokyo,Asia,2024,139.6917,35.6895,1320800328754059,2024-03-24,True,,,292,22,270,0,22,0,0,True,2024-03-28,2024-03-28,0,True,void--unlabeled;construction--flat--pedestrian-area;construction--flat--road;void--ground;void--static;construction--flat--sidewalk;construction--structure--building;nature--sky,
Tokyo,Asia,2024,139.6917,35.6895,1100016751306347,2024-03-13,False,,,446,20,375,5,66,0,0,True,2024-03-13,2024-03-13,0,True,void--unlabeled;void--dynamic;construction--structure--building;object--wire-group;nature--sky;void--static;construction--flat--road;construction--barrier--curb,
Tokyo,Asia,2024,139.6917,35.6895,230334580170783,2024-03-13,False,,,188,14,160,0,28,0,0,True,2024-03-13,2024-03-13,0,,void--unlabeled;nature--vegetation;object--wire-group;construction--structure--building;void--dynamic;nature--terrain;void--static;void--ground,
Tokyo,Asia,2025,139.6917,35.6895,1033301268759424,2025-09-14,False,,,103,16,94,4,5,0,0,True,2025-09-14,2025-09-14,0,,void--unlabeled;void--static;construction--flat--road;construction--barrier--curb;construction--structure--building;construction--barrier--wall;nature--vegetation;object--support--pole,
Tokyo,Asia,2025,139.6917,35.6895,1262471372029328,2025-08-04,False,,,212,20,168,18,26,0,0,True,2025-08-04,2025-08-04,0,True,void--unlabeled;construction--structure--building;marking--continuous--solid;object--wire-group;nature--vegetation;construction--barrier--fence;construction--flat--road;void--static,
Tokyo,Asia,2025,139.6917,35.6895,635491279632358,2025-09-04,False,,,82,9,79,1,2,0,0,True,2025-09-05,2025-09-05,0,True,void--unlabeled;nature--terrain;construction--flat--road;construction--flat--sidewalk;nature--vegetation;void--ground;human--person--individual;nature--sky,
Tokyo,Asia,2026,139.6917,35.6895,2008495160043586,2026-03-30,False,,,349,24,307,0,42,0,0,True,2026-03-30,2026-03-30,0,,void--unlabeled;void--static;construction--structure--building;construction--flat--rail-track;void--ground;object--wire-group;construction--flat--pedestrian-area;nature--vegetation,
Tokyo,Asia,2026,139.6917,35.6895,27816413784719480,2026-08-06,False,,,389,34,284,34,69,2,0,True,2026-08-12,2026-08-12,0,True,void--unlabeled;construction--structure--building;marking--continuous--solid;nature--vegetation;object--wire-group;nature--sky;construction--barrier--fence;object--support--pole,
Tokyo,Asia,2026,139.6917,35.6895,1539450854233936,2026-06-23,False,,,133,13,120,0,13,0,0,True,2026-06-28,2026-06-28,0,True,void--unlabeled;construction--barrier--curb;nature--vegetation;construction--flat--road;nature--terrain;object--wire-group;construction--structure--building;void--static,
Sydney,Oceania,2014-2015,151.2093,-33.8688,918344742040706,2015-01-31,False,,,0,0,0,0,0,0,0,False,,,0,,,
Sydney,Oceania,2014-2015,151.2093,-33.8688,369681687742569,2015-03-10,False,,,4,2,0,0,4,0,0,False,2021-05-22,2021-05-23,0,,object--street-light;object--trash-can,
Sydney,Oceania,2014-2015,151.2093,-33.8688,504186090608242,2015-06-03,False,,,4,2,0,0,4,0,0,False,2021-05-22,2021-05-23,0,,object--support--pole;object--banner,
Sydney,Oceania,2016-2017,151.2093,-33.8688,169112681789203,2016-08-16,False,,,1,1,0,0,1,0,0,False,2021-05-22,2021-05-22,0,,object--support--pole,
Sydney,Oceania,2016-2017,151.2093,-33.8688,125679006192899,2016-08-16,False,,,190,15,178,12,0,0,0,True,2024-04-28,2024-04-28,0,True,construction--structure--bridge;void--unlabeled;nature--sky;void--ego-vehicle;construction--barrier--curb;nature--vegetation;construction--structure--tunnel;construction--barrier--road-side,
Sydney,Oceania,2016-2017,151.2093,-33.8688,1089333608264400,2016-08-17,False,,,0,0,0,0,0,0,0,False,,,0,,,
Sydney,Oceania,2018,151.2093,-33.8688,1396689944027877,2018-05-05,True,,,0,0,0,0,0,0,0,False,,,0,,,
Sydney,Oceania,2018,151.2093,-33.8688,150326610392370,2018-07-23,False,,,0,0,0,0,0,0,0,False,,,0,,,
Sydney,Oceania,2018,151.2093,-33.8688,2850520318540894,2018-01-20,False,,,7,3,0,0,7,0,0,False,2021-05-22,2021-05-22,0,,object--banner;object--traffic-light--general-upright;object--trash-can,
Sydney,Oceania,2019,151.2093,-33.8688,874868919761291,2019-12-17,False,,,1,1,0,0,1,0,0,False,2021-05-28,2021-05-28,0,,object--street-light,
Sydney,Oceania,2019,151.2093,-33.8688,325024985847113,2019-12-17,False,,,5,4,0,0,3,2,0,False,2021-05-27,2021-05-29,0,,object--traffic-light--pedestrians;object--junction-box;information--general-directions--g1;warning--road-narrows-right--g2,
Sydney,Oceania,2019,151.2093,-33.8688,519107415778719,2019-12-17,False,,,4,4,0,0,4,0,0,False,2021-05-28,2021-05-28,0,,object--bench;object--manhole;object--sign--advertisement;object--support--utility-pole,
Sydney,Oceania,2020,151.2093,-33.8688,123934606397474,2020-07-24,True,,,1,1,0,0,1,0,0,False,2021-05-22,2021-05-22,0,,object--street-light,
Sydney,Oceania,2020,151.2093,-33.8688,1374227499617928,2020-10-11,True,,,0,0,0,0,0,0,0,False,,,0,,,
Sydney,Oceania,2020,151.2093,-33.8688,183547806868612,2020-07-24,False,,,1,1,0,0,1,0,0,False,2021-05-22,2021-05-22,0,,object--street-light,
Sydney,Oceania,2021,151.2093,-33.8688,522133492160911,2021-05-13,True,,,0,0,0,0,0,0,0,False,,,0,,,
Sydney,Oceania,2021,151.2093,-33.8688,4022377647881166,2021-05-09,False,,,0,0,0,0,0,0,0,False,,,0,,,
Sydney,Oceania,2021,151.2093,-33.8688,515401733207470,2021-05-13,True,,,0,0,0,0,0,0,0,False,,,0,,,
Sydney,Oceania,2022,151.2093,-33.8688,933432698061316,2022-09-17,False,,,508,26,412,24,72,0,0,True,2022-09-19,2022-09-19,0,,void--unlabeled;construction--structure--building;nature--vegetation;void--static;marking--continuous--solid;construction--flat--road;object--vehicle--car;construction--barrier--fence,
Sydney,Oceania,2022,151.2093,-33.8688,772998253914507,2022-09-17,False,,,445,30,358,48,39,0,0,True,2022-09-19,2022-09-19,0,,void--unlabeled;construction--barrier--fence;construction--structure--bridge;marking--continuous--dashed;construction--structure--building;void--static;object--vehicle--car;construction--flat--road,
Sydney,Oceania,2022,151.2093,-33.8688,652814053069938,2022-10-22,False,,,202,21,169,0,33,0,0,True,2022-10-22,2022-10-22,0,True,void--unlabeled;construction--structure--building;construction--flat--road;object--vehicle--car;construction--flat--sidewalk;nature--vegetation;construction--barrier--curb;construction--barrier--fence,
Sydney,Oceania,2023,151.2093,-33.8688,301353239551265,2023-12-18,False,,,397,33,333,24,40,0,0,True,2023-12-18,2023-12-18,0,True,void--unlabeled;construction--structure--building;construction--flat--road;marking--continuous--dashed;nature--vegetation;nature--sky;construction--barrier--curb;object--support--pole,
Sydney,Oceania,2023,151.2093,-33.8688,888358472628652,2023-11-10,False,,,380,28,312,16,51,1,0,True,2023-11-12,2023-11-12,0,True,void--unlabeled;construction--barrier--wall;construction--structure--bridge;construction--flat--road;object--support--pole;construction--structure--building;nature--vegetation;construction--barrier--fence,
Sydney,Oceania,2023,151.2093,-33.8688,1622861814911933,2023-12-18,False,,,357,28,286,16,55,0,0,True,2023-12-19,2023-12-19,0,True,void--unlabeled;construction--structure--building;marking--continuous--dashed;nature--vegetation;construction--barrier--curb;construction--flat--road;object--street-light;human--person--individual,
Sydney,Oceania,2024,151.2093,-33.8688,800280532306344,2024-06-16,False,,,250,23,204,13,33,0,0,True,2024-07-19,2024-07-19,0,True,void--unlabeled;construction--structure--building;nature--vegetation;marking--continuous--solid;void--static;object--vehicle--car;construction--barrier--fence;object--support--pole,
Sydney,Oceania,2024,151.2093,-33.8688,937176594885848,2024-09-05,False,,,257,28,201,30,26,0,0,True,2024-09-05,2024-09-05,0,True,void--unlabeled;marking--continuous--dashed;construction--structure--building;void--static;construction--barrier--curb;construction--structure--bridge;nature--sky;object--vehicle--car,
Sydney,Oceania,2024,151.2093,-33.8688,1594869201327085,2024-03-09,False,,,143,12,110,14,19,0,0,True,2024-03-11,2024-03-11,0,,void--unlabeled;marking--continuous--solid;object--street-light;construction--flat--road;construction--barrier--curb;construction--barrier--concrete-block;void--static;construction--structure--tunnel,
Sydney,Oceania,2025,151.2093,-33.8688,2590884614590881,2025-06-05,False,,,141,21,117,6,18,0,0,True,2025-06-08,2025-06-08,0,True,void--unlabeled;nature--vegetation;construction--structure--building;construction--flat--road;marking--continuous--solid;construction--flat--sidewalk;object--sign--store;void--static,
Sydney,Oceania,2025,151.2093,-33.8688,840478865101401,2025-11-03,False,,,257,23,211,8,38,0,0,True,2025-11-11,2025-11-11,0,True,void--unlabeled;construction--structure--building;nature--vegetation;human--person--individual;construction--flat--sidewalk;marking--continuous--solid;object--support--pole;construction--flat--road,
Sydney,Oceania,2025,151.2093,-33.8688,455982327482929,2025-01-15,False,,,366,22,295,19,52,0,0,True,2025-02-18,2025-02-18,0,True,void--unlabeled;void--static;construction--structure--building;nature--vegetation;object--vehicle--car;construction--flat--road;construction--structure--bridge;marking--continuous--solid,
Sydney,Oceania,2026,151.2093,-33.8688,1007180742305592,2026-07-01,False,,,334,21,289,11,34,0,0,True,2026-07-10,2026-07-10,0,True,void--unlabeled;construction--structure--building;construction--structure--tunnel;object--street-light;construction--barrier--fence;construction--flat--road;nature--sky;construction--structure--bridge,
Sydney,Oceania,2026,151.2093,-33.8688,1342390397959852,2026-06-24,False,,,252,22,190,18,44,0,0,True,2026-07-09,2026-07-09,0,True,void--unlabeled;nature--vegetation;object--support--pole;marking--continuous--solid;construction--structure--building;construction--barrier--concrete-block;object--street-light;nature--sky,
Sydney,Oceania,2026,151.2093,-33.8688,1502173377853504,2026-07-01,False,,,290,22,200,53,37,0,0,True,2026-07-10,2026-07-10,0,True,void--unlabeled;marking--continuous--solid;construction--structure--building;marking--continuous--dashed;nature--vegetation;construction--barrier--concrete-block;construction--barrier--curb;object--street-light,
Auckland,Oceania,2014-2015,174.7633,-36.8485,302959581410808,2015-07-12,False,,,0,0,0,0,0,0,0,False,,,0,,,
Auckland,Oceania,2014-2015,174.7633,-36.8485,759502458069364,2015-05-24,False,,,1,1,0,0,0,1,0,False,2021-05-21,2021-05-21,0,,information--general-directions--g1,
Auckland,Oceania,2014-2015,174.7633,-36.8485,3982216988511865,2015-12-07,False,,,12,7,0,0,10,2,0,False,2021-05-20,2021-05-22,0,,object--traffic-light--general-upright;information--general-directions--g1;regulatory--yield--g1;object--traffic-light--pedestrians;object--manhole;object--junction-box;object--street-light,
Auckland,Oceania,2016-2017,174.7633,-36.8485,286604793061782,2017-01-15,False,,,5,4,0,0,4,1,0,False,2021-05-20,2021-05-22,0,,object--sign--store;warning--other-danger--g3;object--sign--advertisement;object--trash-can,
Auckland,Oceania,2016-2017,174.7633,-36.8485,875520633036591,2017-01-15,False,,,1,1,0,0,1,0,0,False,2021-05-22,2021-05-22,0,,object--sign--store,
Auckland,Oceania,2016-2017,174.7633,-36.8485,476341177016754,2017-01-15,False,,,0,0,0,0,0,0,0,False,,,0,,,
Auckland,Oceania,2018,174.7633,-36.8485,472619667382174,2018-12-01,False,,,0,0,0,0,0,0,0,False,,,0,,,
Auckland,Oceania,2018,174.7633,-36.8485,2357064621104841,2018-12-08,False,,,0,0,0,0,0,0,0,False,,,0,,,
Auckland,Oceania,2018,174.7633,-36.8485,343023953847525,2018-12-01,False,,,15,9,0,1,14,0,0,False,2021-05-22,2021-05-23,0,,object--sign--store;object--support--pole;object--traffic-light--general-upright;object--manhole;marking--discrete--arrow--straight;object--street-light;object--trash-can;object--sign--advertisement,
Auckland,Oceania,2019,174.7633,-36.8485,1023257811415350,2019-11-10,False,,,0,0,0,0,0,0,0,False,,,0,,,
Auckland,Oceania,2019,174.7633,-36.8485,310056010759818,2019-12-19,False,,,2,1,0,0,0,2,0,False,2021-05-20,2021-05-21,0,,warning--added-lane-right--g1,
Auckland,Oceania,2019,174.7633,-36.8485,919217681978466,2019-03-10,False,,,1,1,0,1,0,0,0,False,2021-05-30,2021-05-30,0,,marking--discrete--text,
Auckland,Oceania,2020,174.7633,-36.8485,402381347390198,2020-11-22,False,,,0,0,0,0,0,0,0,False,,,0,,,
Auckland,Oceania,2020,174.7633,-36.8485,316485983183843,2020-10-16,False,,,1,1,0,1,0,0,0,False,2021-05-22,2021-05-22,0,,marking--discrete--other-marking,
Auckland,Oceania,2020,174.7633,-36.8485,373617864044910,2020-10-16,False,,,1,1,0,0,1,0,0,False,2021-05-22,2021-05-22,0,,object--support--utility-pole,
Auckland,Oceania,2021,174.7633,-36.8485,326625139273057,2021-11-20,False,,,106,16,85,6,15,0,0,True,2021-11-20,2021-11-20,0,True,void--unlabeled;construction--structure--bridge;nature--vegetation;object--street-light;construction--barrier--concrete-block;construction--structure--building;marking--continuous--solid;construction--flat--road,
Auckland,Oceania,2021,174.7633,-36.8485,1231764060588729,2021-05-16,True,,,0,0,0,0,0,0,0,False,,,0,,,
Auckland,Oceania,2021,174.7633,-36.8485,479604679825955,2021-01-13,False,,,1,1,0,0,0,1,0,False,2021-05-20,2021-05-20,0,,warning--texts--g2,
Auckland,Oceania,2022,174.7633,-36.8485,806626627172572,2022-08-21,False,,,340,21,242,24,74,0,0,True,2022-08-21,2022-08-21,0,True,void--unlabeled;object--street-light;construction--structure--building;object--support--pole;marking--continuous--solid;construction--flat--road;nature--vegetation;object--vehicle--car,
Auckland,Oceania,2022,174.7633,-36.8485,1015013219761591,2022-06-10,False,,,185,21,150,11,24,0,0,True,2023-11-11,2023-11-11,0,True,void--unlabeled;construction--structure--building;nature--vegetation;marking--continuous--dashed;construction--flat--sidewalk;object--vehicle--car;construction--barrier--curb;construction--barrier--fence,
Auckland,Oceania,2022,174.7633,-36.8485,506174814181650,2022-04-18,False,,,147,22,122,5,19,1,0,True,2022-04-18,2022-04-18,0,True,void--unlabeled;construction--structure--building;construction--flat--road;construction--flat--road-shoulder;nature--terrain;nature--vegetation;object--street-light;construction--barrier--concrete-block,
Auckland,Oceania,2023,174.7633,-36.8485,232969342718837,2023-04-24,False,,,259,25,203,20,35,1,0,True,2023-04-24,2023-04-24,0,True,void--unlabeled;marking--continuous--solid;construction--barrier--curb;object--vehicle--car;construction--flat--sidewalk;construction--structure--building;nature--vegetation;construction--flat--road,
Auckland,Oceania,2023,174.7633,-36.8485,157938724063930,2023-10-19,True,,,163,16,130,11,22,0,0,True,2023-10-19,2023-10-19,0,True,void--unlabeled;construction--flat--road;construction--barrier--curb;marking--continuous--solid;nature--vegetation;nature--terrain;construction--barrier--guard-rail;object--vehicle--car,
Auckland,Oceania,2023,174.7633,-36.8485,1050363809726816,2023-09-11,True,,,375,20,330,2,43,0,0,True,2023-09-11,2023-09-11,0,True,void--unlabeled;void--static;nature--vegetation;construction--structure--building;construction--barrier--curb;object--vehicle--car;construction--flat--road;object--support--pole,
Auckland,Oceania,2024,174.7633,-36.8485,594108856321344,2024-12-10,True,,,380,30,302,18,59,1,0,True,2024-12-13,2024-12-13,0,True,void--unlabeled;construction--structure--building;construction--flat--road;object--support--pole;construction--flat--sidewalk;construction--barrier--curb;marking--continuous--dashed;nature--vegetation,
Auckland,Oceania,2024,174.7633,-36.8485,2106282903097848,2024-04-20,True,,,204,16,191,0,13,0,0,True,2024-04-21,2024-04-21,0,True,void--unlabeled;nature--vegetation;nature--sky;construction--flat--road;construction--barrier--wall;void--ground;construction--structure--building;construction--barrier--fence,
Auckland,Oceania,2024,174.7633,-36.8485,711274607867836,2024-03-16,True,,,260,25,190,38,32,0,0,True,2024-03-16,2024-03-16,0,True,void--unlabeled;construction--flat--road;marking--continuous--solid;construction--structure--building;nature--water;construction--barrier--concrete-block;object--support--pole;nature--vegetation,
Auckland,Oceania,2025,174.7633,-36.8485,1175236424401695,2025-04-09,False,,,166,21,140,4,22,0,0,True,2025-04-10,2025-04-10,0,True,void--unlabeled;construction--structure--bridge;nature--vegetation;nature--sky;construction--structure--building;object--vehicle--car;object--support--pole;construction--flat--service-lane,
Auckland,Oceania,2025,174.7633,-36.8485,1362752698589328,2025-11-23,True,,,323,24,240,25,58,0,0,True,2025-11-25,2025-11-25,0,True,void--unlabeled;construction--flat--sidewalk;marking--continuous--solid;object--sign--store;nature--vegetation;void--static;construction--barrier--curb;void--dynamic,
Auckland,Oceania,2025,174.7633,-36.8485,883774467337040,2025-11-28,False,,,578,32,457,62,59,0,0,True,2025-11-29,2025-11-29,0,True,void--unlabeled;construction--flat--road;construction--barrier--curb;marking--continuous--solid;construction--flat--sidewalk;void--static;marking--continuous--dashed;void--ground,
Auckland,Oceania,2026,174.7633,-36.8485,934966899426379,2026-04-18,False,,,139,21,119,4,16,0,0,True,2026-04-22,2026-04-22,0,True,void--unlabeled;construction--structure--bridge;nature--vegetation;nature--sky;construction--barrier--concrete-block;construction--barrier--wall;construction--flat--road;construction--flat--road-shoulder,
Auckland,Oceania,2026,174.7633,-36.8485,1684224805960286,2026-07-07,False,,,126,18,103,8,15,0,0,True,2026-07-10,2026-07-10,0,True,void--unlabeled;nature--vegetation;construction--flat--road;marking--continuous--solid;object--street-light;object--vehicle--car;construction--structure--tunnel;construction--barrier--curb,
Auckland,Oceania,2026,174.7633,-36.8485,2812538285778505,2026-04-11,False,,,178,22,145,1,32,0,0,True,2026-04-13,2026-04-13,0,True,void--unlabeled;void--ground;construction--flat--road;construction--structure--building;object--support--pole;construction--flat--sidewalk;construction--flat--pedestrian-area;nature--sky,
